{"type": "FeatureCollection", "bbox": [-63.9882, -5.4595, -58.0643, 0.0386], "features": [{"type": "Feature", "properties": {"nome": "Anori", "cod_ibge": "1300102", "rotulo": [-61.6348, -3.8608]}, "geometry": {"type": "Polygon", "coordinates": [[[-61.6781373536, -3.6558058517], [-61.6598463622, -3.6745700306], [-61.6346105472, -3.6711904929], [-61.6215523379, -3.6598550829], [-61.5942211751, -3.6574851436], [-61.5861602122, -3.6581258403], [-61.5627552359, -3.6705170768], [-61.5548615459, -3.6834856903], [-61.4787232045, -3.6845374284], [-61.4778057893, -3.6931973915], [-61.4665791045, -3.714527628], [-61.4386055625, -3.7565194042], [-61.4244007059, -3.8034165213], [-61.3946368694, -3.849945945], [-61.3876372371, -3.8537642987], [-61.3724159023, -3.8728851188], [-61.3725518201, -3.8810467929], [-61.3774392414, -3.8882711277], [-61.3910601952, -3.8979832668], [-61.4279989717, -3.9120526858], [-61.4593570618, -3.9476922946], [-61.489748901, -3.9896408448], [-61.5136345663, -4.0065938739], [-61.5317985221, -4.026432893], [-61.5711676537, -4.057933384], [-61.5822437558, -4.0807823327], [-61.5913252616, -4.1282428354], [-61.6609678089, -4.2266894563], [-61.6794956736, -4.2447123089], [-61.6947738565, -4.2518937251], [-61.7367893065, -4.2402382592], [-61.7444183652, -4.240431292], [-61.7585174957, -4.2436326694], [-61.7834378511, -4.259907658], [-61.7940405926, -4.2714526543], [-61.8320794502, -4.2744354814], [-61.8488264185, -4.2709335701], [-61.8537702145, -4.263705149], [-61.8614160742, -4.2651605338], [-61.8694435397, -4.2494822465], [-61.8859087605, -4.244109526], [-61.9029121506, -4.2533970823], [-61.9063072236, -4.2604028213], [-61.9154717919, -4.2614926982], [-61.9246033063, -4.2577087865], [-61.9417783586, -4.265981033], [-61.944608721, -4.2731985722], [-61.9576627441, -4.2680573044], [-61.9562778105, -4.2776646818], [-61.9631076676, -4.2840344227], [-61.9963341637, -4.2835214612], [-62.0181453114, -4.2962631962], [-62.0301808648, -4.3082975817], [-62.0478598637, -4.3121198044], [-62.0571626207, -4.347501891], [-62.0532731294, -4.3551549418], [-62.0548889023, -4.3723234945], [-62.0612203998, -4.3863251369], [-62.0717375123, -4.3972259962], [-62.1240216769, -4.4122466782], [-62.1561582467, -4.4432202356], [-62.2023522949, -4.4838931298], [-62.2214652028, -4.4927276296], [-62.2387187908, -4.4853730143], [-62.2581816885, -4.4685930573], [-62.2761618143, -4.4704087698], [-62.2865646056, -4.4777835319], [-62.3022445156, -4.4978087316], [-62.3070518691, -4.5335903693], [-62.314026239, -4.5504880299], [-62.3269151678, -4.562548988], [-62.3955539622, -4.5874384138], [-62.4396331132, -4.5920345404], [-62.466133399, -4.6020394931], [-62.5108886254, -4.6148574155], [-62.5385509583, -4.6157791974], [-62.5990475624, -4.6350568404], [-62.628582087, -4.6397434065], [-62.6395555498, -4.6379018632], [-62.6570577076, -4.6252172118], [-62.6841388167, -4.6227864332], [-62.7682460853, -4.6553769324], [-62.7861900449, -4.6717279399], [-62.7941366091, -4.6751163664], [-62.8301348773, -4.677876601], [-62.8269432698, -4.6692378624], [-62.8203600384, -4.6638854865], [-62.8164162782, -4.6477647931], [-62.8265395499, -4.6336216602], [-62.8535807977, -4.6069687103], [-62.8688570776, -4.6076652704], [-62.8878011978, -4.6148047363], [-62.915633193, -4.6133973588], [-62.9475788334, -4.5966281113], [-62.9629428987, -4.586404839], [-62.9708280955, -4.5734318682], [-62.9854176644, -4.5639867067], [-62.988996319, -4.5562128981], [-62.9908172212, -4.5310668915], [-62.8945863688, -4.5146958095], [-62.8893213278, -4.5046545723], [-62.8877446081, -4.4880049258], [-62.872978062, -4.4806820956], [-62.8053330388, -4.4671120097], [-62.7990135859, -4.4665810029], [-62.7974315439, -4.4702796808], [-62.7837394931, -4.4729199012], [-62.7771590923, -4.4623464387], [-62.7510922793, -4.460751015], [-62.6702090758, -4.4376703219], [-62.6601046676, -4.4399756531], [-62.6535495083, -4.4355254641], [-62.6521321449, -4.4298343974], [-62.6096538225, -4.4148594448], [-62.6029746146, -4.4190605396], [-62.597885923, -4.4088309749], [-62.5865683738, -4.4081439638], [-62.5858929686, -4.4057584762], [-62.5984385609, -4.3929571815], [-62.601919929, -4.3835721633], [-62.5833079177, -4.3718518065], [-62.5478005696, -4.3717776929], [-62.5323336359, -4.3656919392], [-62.527356986, -4.3598498864], [-62.5091927721, -4.354919299], [-62.5029115246, -4.3372952671], [-62.4810788098, -4.3072385994], [-62.4724156798, -4.309167184], [-62.4639442471, -4.3032319024], [-62.4636686513, -4.2938326921], [-62.4593837303, -4.2868114351], [-62.4631105967, -4.2784248508], [-62.4594399433, -4.2617966642], [-62.4422242343, -4.2557474875], [-62.43630854, -4.2395360447], [-62.4245561354, -4.2290797672], [-62.4167451954, -4.2282423077], [-62.3998039463, -4.2343108975], [-62.3806953957, -4.2498545507], [-62.3638586174, -4.2531407019], [-62.3343580929, -4.2532068558], [-62.3065267356, -4.2477501146], [-62.2880292562, -4.2489227916], [-62.2623803066, -4.2404410184], [-62.2560572656, -4.2259802008], [-62.2596029674, -4.2190580106], [-62.2686069026, -4.2162341081], [-62.2781932352, -4.2016847683], [-62.283632012, -4.1591588229], [-62.3108839261, -4.1408315355], [-62.3185000978, -4.1413339359], [-62.3265000398, -4.1371339918], [-62.3285549893, -4.1193291296], [-62.3513545864, -4.1060981719], [-62.356230232, -4.0979582687], [-62.3551639815, -4.0896025604], [-62.3077021151, -4.0867329245], [-62.2899977828, -4.0811884215], [-62.2847804036, -4.0756829728], [-62.2586063536, -4.0648682196], [-62.2500537806, -4.0678210514], [-62.2465221369, -4.0747311217], [-62.2243246269, -4.0926630446], [-62.223051451, -4.1002291477], [-62.2138334706, -4.1014715978], [-62.1841404285, -4.1165269087], [-62.1738060744, -4.1152015758], [-62.1589985257, -4.1063429742], [-62.1496647984, -4.0929812402], [-62.1429382256, -4.0893792242], [-62.1346928979, -4.088136278], [-62.1181692558, -4.0927872633], [-62.0684743211, -4.0831755277], [-62.0244159189, -4.0823052155], [-61.9765293182, -4.0975679511], [-61.9452716184, -4.1250461487], [-61.90797263, -4.1338799372], [-61.8980820467, -4.134766991], [-61.8729421632, -4.1281436442], [-61.865493304, -4.1235680332], [-61.8576595718, -4.1090843443], [-61.8505245475, -4.1125577402], [-61.8521386256, -4.1318162522], [-61.8550515182, -4.1404593515], [-61.8710850772, -4.1461085259], [-61.8711396723, -4.1551117541], [-61.8443034384, -4.1501625729], [-61.8159984696, -4.1185940636], [-61.7999734192, -4.1092573887], [-61.8006048881, -4.1012459911], [-61.809278797, -4.0964273102], [-61.8579139337, -4.0880357008], [-61.8688815941, -4.1019408457], [-61.8787751515, -4.1023010013], [-61.9049181343, -4.0928088231], [-61.9145140652, -4.0929548544], [-61.9134717997, -4.0854501579], [-61.9273061476, -4.076302233], [-61.9326646921, -4.0606455749], [-61.9278024483, -4.0532204224], [-61.9270509056, -4.0429621372], [-61.9339164295, -4.0368311899], [-61.9264718871, -4.0297720602], [-61.9177180116, -4.026030727], [-61.9101340266, -4.0296083046], [-61.9123027523, -4.0386896716], [-61.9003365942, -4.0480960441], [-61.891190605, -4.0485957508], [-61.8722742589, -4.033330641], [-61.8681046478, -4.0398409186], [-61.83513651, -4.0512237261], [-61.8319798683, -4.0400328321], [-61.8360529278, -4.0359010078], [-61.8469169583, -3.9922619881], [-61.8537722678, -3.9887368403], [-61.858844046, -3.9788398618], [-61.8775198283, -3.9595904206], [-61.8777448079, -3.9436416426], [-61.8544178518, -3.9151991468], [-61.826551549, -3.8952528375], [-61.8228857042, -3.8882432689], [-61.822968281, -3.6614543556], [-61.7904424718, -3.6362235065], [-61.7825241452, -3.6322859924], [-61.767342436, -3.6316667806], [-61.7388797541, -3.6453763648], [-61.6926349415, -3.6458683103], [-61.6781373536, -3.6558058517]]]}}, {"type": "Feature", "properties": {"nome": "Beruri", "cod_ibge": "1300631", "rotulo": [-62.058, -4.8631]}, "geometry": {"type": "Polygon", "coordinates": [[[-61.1463580643, -3.7888585342], [-61.1388363005, -3.7900868844], [-61.1310309859, -3.7870567244], [-61.1247482365, -3.7926891317], [-61.1093876813, -3.7958033922], [-61.0861941314, -3.7922954029], [-61.0616338319, -3.7944887447], [-61.044222336, -3.8210910458], [-61.0472183894, -3.8293949529], [-61.0541361216, -3.8342585827], [-61.0484729523, -3.8405968681], [-61.048000767, -3.8489479677], [-61.050138584, -3.8648636161], [-61.0603320185, -3.8867166431], [-61.0807528865, -3.9131308848], [-61.1097437006, -3.9265644714], [-61.122800017, -3.9382636895], [-61.1362430389, -3.9582074835], [-61.1631385537, -3.974541339], [-61.1631940005, -4.1403686502], [-61.152750278, -4.1289413935], [-61.1449384507, -4.125598627], [-61.1060254849, -4.1341966362], [-61.0780229332, -4.1219946754], [-61.0703055805, -4.1211286191], [-61.0568050165, -4.1282764304], [-61.0462192114, -4.1166460073], [-61.027076284, -4.0824256157], [-61.0193046374, -4.0804385858], [-61.0113262236, -4.0816927308], [-60.9999941947, -4.0925905934], [-60.9961375275, -4.1026769051], [-60.9805559335, -4.1005493754], [-60.9658284682, -4.1064152891], [-60.9668852103, -4.1223332417], [-60.9718326296, -4.128716743], [-60.9650099014, -4.1336302149], [-60.9431915665, -4.1328616864], [-60.9378572383, -4.1253678029], [-60.923163885, -4.132204438], [-60.915720545, -4.1472623281], [-60.9007176467, -4.1515856121], [-60.8985847208, -4.1673432112], [-60.8902219605, -4.1699570277], [-60.870888722, -4.1571050583], [-60.863385566, -4.1581038653], [-60.8525519897, -4.1697179342], [-60.8451103514, -4.1674450895], [-60.8393831774, -4.1530502834], [-60.8269685461, -4.1620740173], [-60.8116129988, -4.1663110109], [-60.8027744034, -4.1742420001], [-60.8252972136, -4.2331359923], [-60.8484510788, -4.281823189], [-61.0088763465, -4.4231264956], [-61.167313656, -4.5438695785], [-61.2487807509, -4.6279453854], [-61.2706979576, -4.6616392557], [-61.3080835705, -4.7489491134], [-61.3181893328, -4.7626859458], [-61.4138554868, -4.8496303317], [-61.4434737786, -4.8911149452], [-61.4895520418, -4.9157070804], [-61.5266910214, -4.9420297461], [-61.7544399398, -5.14367882], [-61.8680784764, -5.2230588578], [-61.9417505554, -5.2951974583], [-61.9556337279, -5.3040223112], [-62.003190141, -5.3201558709], [-62.0123556602, -5.3262177672], [-62.0856912006, -5.4260937757], [-62.1023301082, -5.4595352498], [-62.5766615352, -5.0003140565], [-62.6480957611, -4.9021429201], [-62.6594457069, -4.9019198461], [-62.673947922, -4.9091195168], [-62.6785838764, -4.9161423087], [-62.6848820361, -4.9454792646], [-62.6931346225, -4.9620569534], [-62.7173840979, -4.9737496868], [-62.7326337218, -4.9684426408], [-62.7369459311, -4.9603509958], [-62.736080171, -4.9439816758], [-62.7299376789, -4.93564013], [-62.7008044754, -4.9163127954], [-62.6963621743, -4.9089474228], [-62.6944995219, -4.8920016173], [-62.7001090875, -4.8663224236], [-62.7105790664, -4.8434779629], [-62.7262517423, -4.8354100809], [-62.7499438942, -4.8437445801], [-62.7668584298, -4.8339336858], [-62.7875495034, -4.8056630689], [-62.7949746003, -4.7989646683], [-62.811029676, -4.7932273603], [-62.8173826601, -4.7861738805], [-62.8195282396, -4.7770826213], [-62.8109136336, -4.7639001944], [-62.8098574553, -4.7455537478], [-62.8046079439, -4.7296910865], [-62.8166617995, -4.6993900114], [-62.8300181288, -4.6865404104], [-62.8301348773, -4.677876601], [-62.7941366091, -4.6751163664], [-62.7861900449, -4.6717279399], [-62.7682460853, -4.6553769324], [-62.6841388167, -4.6227864332], [-62.6570577076, -4.6252172118], [-62.6395555498, -4.6379018632], [-62.628582087, -4.6397434065], [-62.5990475624, -4.6350568404], [-62.5385509583, -4.6157791974], [-62.5108886254, -4.6148574155], [-62.466133399, -4.6020394931], [-62.4396331132, -4.5920345404], [-62.3955539622, -4.5874384138], [-62.3269151678, -4.562548988], [-62.314026239, -4.5504880299], [-62.3070518691, -4.5335903693], [-62.3022445156, -4.4978087316], [-62.2865646056, -4.4777835319], [-62.2761618143, -4.4704087698], [-62.2581816885, -4.4685930573], [-62.2387187908, -4.4853730143], [-62.2214652028, -4.4927276296], [-62.2023522949, -4.4838931298], [-62.1561582467, -4.4432202356], [-62.1240216769, -4.4122466782], [-62.0717375123, -4.3972259962], [-62.0612203998, -4.3863251369], [-62.0548889023, -4.3723234945], [-62.0532731294, -4.3551549418], [-62.0571626207, -4.347501891], [-62.0478598637, -4.3121198044], [-62.0301808648, -4.3082975817], [-62.0181453114, -4.2962631962], [-61.9963341637, -4.2835214612], [-61.9631076676, -4.2840344227], [-61.9562778105, -4.2776646818], [-61.9576627441, -4.2680573044], [-61.944608721, -4.2731985722], [-61.9417783586, -4.265981033], [-61.9246033063, -4.2577087865], [-61.9154717919, -4.2614926982], [-61.9063072236, -4.2604028213], [-61.9029121506, -4.2533970823], [-61.8859087605, -4.244109526], [-61.8694435397, -4.2494822465], [-61.8614160742, -4.2651605338], [-61.8537702145, -4.263705149], [-61.8488264185, -4.2709335701], [-61.8320794502, -4.2744354814], [-61.7940405926, -4.2714526543], [-61.7834378511, -4.259907658], [-61.7585174957, -4.2436326694], [-61.7444183652, -4.240431292], [-61.7367893065, -4.2402382592], [-61.6947738565, -4.2518937251], [-61.6794956736, -4.2447123089], [-61.6609678089, -4.2266894563], [-61.5913252616, -4.1282428354], [-61.5822437558, -4.0807823327], [-61.5711676537, -4.057933384], [-61.5317985221, -4.026432893], [-61.5136345663, -4.0065938739], [-61.489748901, -3.9896408448], [-61.4593570618, -3.9476922946], [-61.4279989717, -3.9120526858], [-61.3910601952, -3.8979832668], [-61.3774392414, -3.8882711277], [-61.3725518201, -3.8810467929], [-61.3724159023, -3.8728851188], [-61.3876372371, -3.8537642987], [-61.3946368694, -3.849945945], [-61.4244007059, -3.8034165213], [-61.4386055625, -3.7565194042], [-61.4665791045, -3.714527628], [-61.4778057893, -3.6931973915], [-61.4787232045, -3.6845374284], [-61.4680242136, -3.6807529188], [-61.4644399422, -3.6719589564], [-61.4351074451, -3.6432602033], [-61.4067503109, -3.6252948271], [-61.3318087933, -3.6958356016], [-61.1499703938, -3.700480803], [-61.1443059452, -3.7059104481], [-61.1436686297, -3.7218447016], [-61.1570221295, -3.7420355933], [-61.1581383832, -3.7497445236], [-61.1427759431, -3.7547601608], [-61.1411639134, -3.762509511], [-61.1462201799, -3.7773626745], [-61.1519122515, -3.7832134221], [-61.1463580643, -3.7888585342]]]}}, {"type": "Feature", "properties": {"nome": "Careiro", "cod_ibge": "1301100", "rotulo": [-60.0616, -3.6527]}, "geometry": {"type": "Polygon", "coordinates": [[[-59.873609569, -3.2917024369], [-59.8788227656, -3.3025011355], [-59.8757625906, -3.343598802], [-59.8608482294, -3.353059313], [-59.8414460317, -3.3539066012], [-59.7979270856, -3.3438488739], [-59.7722789874, -3.3454350454], [-59.7508947814, -3.3357004802], [-59.7191059838, -3.355644602], [-59.7114169039, -3.3532103688], [-59.706595115, -3.3455598581], [-59.6922609362, -3.3429919837], [-59.6887611684, -3.3524306114], [-59.6712051763, -3.3527789753], [-59.6562513123, -3.3722314741], [-59.6790616922, -3.3912534394], [-59.6836571326, -3.4095837123], [-59.6925657804, -3.4274588105], [-59.691077482, -3.4349187946], [-59.6968147997, -3.441156853], [-59.7064510397, -3.4408023406], [-59.7207525177, -3.4329114499], [-59.7314229234, -3.4467122421], [-59.747515585, -3.4574292409], [-59.7577112887, -3.4568519357], [-59.7745018255, -3.4632355848], [-59.7867343536, -3.5000128917], [-59.810580237, -3.6951061672], [-59.8214094701, -3.7088357435], [-59.8254062848, -3.7274113907], [-59.825768465, -3.7356267257], [-59.8178838386, -3.7407396946], [-59.8320230542, -3.7524065289], [-59.8342908677, -3.8054621824], [-59.8282172371, -3.8382668888], [-59.8315781491, -3.8486946543], [-59.8395807439, -3.8462324864], [-59.849965029, -3.8598460167], [-59.8588433393, -3.8842280284], [-59.8672236089, -3.8872664773], [-59.8714718853, -3.9043845217], [-59.8887115384, -3.9101042671], [-59.8924569175, -3.9145489429], [-59.8966679769, -3.9349873713], [-59.9089124896, -3.9457090177], [-59.907301612, -3.9725505837], [-59.9139471264, -3.984621809], [-59.9227993635, -3.984293874], [-59.9283036502, -3.9783355084], [-59.9454703443, -3.9762963095], [-59.9514516346, -3.9648046565], [-59.9791629676, -3.9633173956], [-59.9999761594, -3.9484232296], [-60.0227553939, -3.9615182474], [-60.0385745934, -3.9585047762], [-60.0624444721, -3.9617411436], [-60.0782289552, -3.9779449401], [-60.0769971812, -3.9862759242], [-60.0836781041, -4.0000592506], [-60.097940323, -3.9999176659], [-60.1052773841, -4.0039907179], [-60.1098399964, -4.019525091], [-60.1175831317, -4.022695432], [-60.1145787341, -4.0375639763], [-60.118738161, -4.0609464009], [-60.1157169265, -4.0763215178], [-60.1191375673, -4.0913852382], [-60.0995892964, -4.1268865488], [-60.0977226164, -4.1434892097], [-60.0993853579, -4.1514581221], [-60.1307529102, -4.1924584536], [-60.1383744588, -4.1921696077], [-60.1448236541, -4.1866432289], [-60.1486117842, -4.1796963635], [-60.1452486024, -4.1720967829], [-60.1485023089, -4.1648646521], [-60.1621820003, -4.1568771526], [-60.1671078045, -4.1424086602], [-60.1726396139, -4.1369458026], [-60.1876392499, -4.1370450697], [-60.1993337242, -4.1495114283], [-60.2071727967, -4.1504831486], [-60.2148526788, -4.1472349707], [-60.2284073021, -4.1560803327], [-60.2441154464, -4.1556321135], [-60.2505497294, -4.160267802], [-60.278838927, -4.1635622968], [-60.3026975177, -4.1623090839], [-60.3057984142, -4.1692669906], [-60.3007789906, -4.1751490372], [-60.3045000597, -4.182140588], [-60.3185278587, -4.1902995645], [-60.3419410226, -4.1873425372], [-60.3567206825, -4.1817287827], [-60.3745424182, -4.1845057357], [-60.3844151919, -4.1711815616], [-60.3972594909, -4.1620973875], [-60.4187365969, -4.1750220033], [-60.4323033469, -4.1656658911], [-60.4404617271, -4.16718381], [-60.446204233, -4.1727481786], [-60.4529949544, -4.1684897389], [-60.4548567797, -4.1523008436], [-60.4807934461, -4.1339458543], [-60.5075273722, -4.1434232303], [-60.5125946164, -4.1490128562], [-60.5194881852, -4.1459138665], [-60.5263779588, -4.1599396744], [-60.5354651936, -4.1546130079], [-60.5445529193, -4.1552325643], [-60.5492947389, -4.1646390319], [-60.5620517998, -4.1575325781], [-60.5797352392, -4.1808319208], [-60.5940687787, -4.1739957162], [-60.6013864692, -4.1782126219], [-60.616557713, -4.1739763918], [-60.6277160716, -4.19161584], [-60.6385453437, -4.1873266345], [-60.6441095383, -4.2026532152], [-60.6519678104, -4.202456324], [-60.6566302553, -4.2092373908], [-60.6638897192, -4.2051522842], [-60.6778619479, -4.2120683555], [-60.684195658, -4.2065494286], [-60.6901012634, -4.2220013835], [-60.7065009651, -4.2126146679], [-60.7030305802, -4.1998451204], [-60.7104614306, -4.1958179191], [-60.721561579, -4.2005685787], [-60.7518662064, -4.1911530395], [-60.7606649768, -4.194220751], [-60.7760897017, -4.1811369153], [-60.7829251921, -4.1859168133], [-60.8027744034, -4.1742420001], [-60.6045582492, -4.0250467514], [-60.605416853, -3.9807923803], [-60.5958248035, -3.9672583461], [-60.5940002566, -3.9618061356], [-60.5953874063, -3.9187192239], [-60.5911618263, -3.9010611804], [-60.5743580724, -3.8727822392], [-60.5752477997, -3.8470445126], [-60.57044044, -3.8296374835], [-60.5638065738, -3.8250198496], [-60.547190048, -3.8231257514], [-60.5394956197, -3.8188346489], [-60.5236078099, -3.8001733807], [-60.4954267775, -3.7815890029], [-60.4751883516, -3.764996194], [-60.4481102101, -3.7171789393], [-60.4240859903, -3.7114582031], [-60.422915792, -3.7038907146], [-60.4338618865, -3.6815496092], [-60.4499981522, -3.6770101873], [-60.444110479, -3.6521338286], [-60.4516691417, -3.637932436], [-60.4522982465, -3.6239037818], [-60.4298634762, -3.6003234482], [-60.4088300756, -3.5903247115], [-60.3270283328, -3.6573134019], [-60.3084133825, -3.6430879962], [-60.3052215339, -3.6112696558], [-60.3126162242, -3.5975284728], [-60.3129116516, -3.5894706617], [-60.3061374617, -3.5743880439], [-60.2954123343, -3.5618947072], [-60.2928278621, -3.5456949938], [-60.2954694063, -3.5292081278], [-60.2903861363, -3.5210820644], [-60.2709685703, -3.5113412397], [-60.2633327866, -3.5000078371], [-60.2668096205, -3.4939526362], [-60.2912388833, -3.4664958349], [-60.299141328, -3.4441775441], [-60.271314924, -3.4238340667], [-60.2551400876, -3.4078397373], [-60.2356481044, -3.3824195824], [-60.2225814394, -3.3808266201], [-60.2088597317, -3.3645388952], [-60.1954713277, -3.3707591989], [-60.1907361243, -3.3599570552], [-60.1850036624, -3.3579136966], [-60.1854067102, -3.3610319156], [-60.0339405427, -3.3610906422], [-60.0178108109, -3.3696279857], [-60.0003327389, -3.3574875895], [-59.935628131, -3.2986098962], [-59.918713858, -3.2994238801], [-59.9017643566, -3.2923072808], [-59.9008507792, -3.2824948285], [-59.8921826935, -3.275997859], [-59.8853677395, -3.285815522], [-59.873609569, -3.2917024369]]]}}, {"type": "Feature", "properties": {"nome": "Careiro da Várzea", "cod_ibge": "1301159", "rotulo": [-59.7, -3.33]}, "geometry": {"type": "Polygon", "coordinates": [[[-59.4791639402, -3.1282591888], [-59.390476958, -3.1627024007], [-59.358132937, -3.1526593906], [-59.3836656303, -3.1807765062], [-59.3483856931, -3.1927734112], [-59.3208904707, -3.210151689], [-59.2336567748, -3.2429868768], [-59.2330725348, -3.3411089643], [-59.2359626997, -3.3583107647], [-59.2483649214, -3.3702873983], [-59.2756319269, -3.3869077266], [-59.3018803508, -3.3932668601], [-59.3178541904, -3.4063447688], [-59.325030013, -3.4086264972], [-59.3301068569, -3.415388627], [-59.3382748833, -3.4148129462], [-59.3384992389, -3.4245975434], [-59.3485522475, -3.4421742855], [-59.3614712517, -3.450897697], [-59.3769982124, -3.4542782997], [-59.3812830343, -3.4611508429], [-59.3898622446, -3.4631999565], [-59.3992809313, -3.4781649031], [-59.3972561525, -3.4970746389], [-59.4056661117, -3.4944864324], [-59.4112222469, -3.4998950884], [-59.425613832, -3.4998560894], [-59.448153524, -3.4946110725], [-59.4612517404, -3.4933296109], [-59.4800520601, -3.4991283354], [-59.5038966549, -3.4980778236], [-59.5068339388, -3.4897159493], [-59.5146960127, -3.4922974962], [-59.537479683, -3.5125345007], [-59.5412562141, -3.5196951343], [-59.5331726542, -3.5253788676], [-59.5436744536, -3.5389010858], [-59.5873437326, -3.5490168884], [-59.5982864687, -3.5337842012], [-59.6066144498, -3.5296001854], [-59.6049277785, -3.5215037807], [-59.6190366136, -3.514793041], [-59.6264251949, -3.4998545478], [-59.6357058967, -3.4999959632], [-59.667813369, -3.4858077712], [-59.6776809146, -3.4699368234], [-59.6982823216, -3.4714769371], [-59.7149272015, -3.4601094219], [-59.7377926197, -3.4714550708], [-59.753983359, -3.4670548349], [-59.7630693353, -3.4689692486], [-59.7745018255, -3.4632355848], [-59.7577112887, -3.4568519357], [-59.747515585, -3.4574292409], [-59.7314229234, -3.4467122421], [-59.7207525177, -3.4329114499], [-59.7064510397, -3.4408023406], [-59.6968147997, -3.441156853], [-59.691077482, -3.4349187946], [-59.6925657804, -3.4274588105], [-59.6836571326, -3.4095837123], [-59.6790616922, -3.3912534394], [-59.6562513123, -3.3722314741], [-59.6712051763, -3.3527789753], [-59.6887611684, -3.3524306114], [-59.6922609362, -3.3429919837], [-59.706595115, -3.3455598581], [-59.7114169039, -3.3532103688], [-59.7191059838, -3.355644602], [-59.7508947814, -3.3357004802], [-59.7722789874, -3.3454350454], [-59.7979270856, -3.3438488739], [-59.8414460317, -3.3539066012], [-59.8608482294, -3.353059313], [-59.8757625906, -3.343598802], [-59.8788227656, -3.3025011355], [-59.873609569, -3.2917024369], [-59.8853677395, -3.285815522], [-59.8921826935, -3.275997859], [-59.9008507792, -3.2824948285], [-59.9017643566, -3.2923072808], [-59.918713858, -3.2994238801], [-59.935628131, -3.2986098962], [-60.0003327389, -3.3574875895], [-60.0178108109, -3.3696279857], [-60.0339405427, -3.3610906422], [-60.1854067102, -3.3610319156], [-60.1827607392, -3.3527058832], [-60.1490809026, -3.3501392908], [-60.1182954662, -3.3387912942], [-60.0989590359, -3.3254550318], [-59.9995135262, -3.2946952348], [-59.9467381877, -3.2833548235], [-59.9351961951, -3.2837561658], [-59.9186748658, -3.2704482419], [-59.9124268155, -3.2635603247], [-59.9023309586, -3.2383553482], [-59.8955689795, -3.2328685873], [-59.8945168714, -3.2239509033], [-59.8987428169, -3.217382987], [-59.8946173679, -3.1850427966], [-59.8974209425, -3.1552950608], [-59.9064914128, -3.1374369284], [-59.8935432002, -3.1231184673], [-59.859140595, -3.0976441975], [-59.802649721, -3.0717864849], [-59.7857693573, -3.0674350192], [-59.7171618609, -3.0606758942], [-59.6996638675, -3.0605278385], [-59.6259932083, -3.0855694952], [-59.5487143469, -3.1196792858], [-59.5156948374, -3.1259254091], [-59.4791639402, -3.1282591888]]]}}, {"type": "Feature", "properties": {"nome": "Iranduba", "cod_ibge": "1301852", "rotulo": [-60.7944, -2.9506]}, "geometry": {"type": "Polygon", "coordinates": [[[-60.8620682799, -2.837151028], [-60.8514930875, -2.8409874929], [-60.8121886363, -2.8285129133], [-60.786635187, -2.8298737747], [-60.7559196155, -2.8214274755], [-60.7050808222, -2.8615249065], [-60.7009734346, -2.8789566908], [-60.6799980146, -2.9019044348], [-60.664103448, -2.9138101024], [-60.652026977, -2.9355406648], [-60.6335271215, -2.9451194833], [-60.6201327044, -2.9650971522], [-60.5995018785, -2.9820843993], [-60.5941117043, -2.9907698831], [-60.5871360138, -3.0168211878], [-60.5816625138, -3.0237243676], [-60.568051872, -3.0327756913], [-60.5440553375, -3.0346728116], [-60.5168252005, -3.0511100704], [-60.5045830926, -3.0617518096], [-60.5003838699, -3.072157306], [-60.5140526218, -3.0745262892], [-60.5186340233, -3.0809569352], [-60.5048289242, -3.0917886484], [-60.4919495215, -3.0935063295], [-60.4691111696, -3.0899046731], [-60.4568086233, -3.0796361758], [-60.4547786199, -3.0637471519], [-60.4540570789, -3.0777656822], [-60.4449955681, -3.0903206051], [-60.4378053158, -3.0929253246], [-60.3822198853, -3.0977192798], [-60.3662756285, -3.0929085687], [-60.3283849422, -3.1005935355], [-60.3147804192, -3.0942036495], [-60.3111393048, -3.0870234436], [-60.3117767791, -3.0793620982], [-60.2935237357, -3.0838206114], [-60.2896613213, -3.0983708397], [-60.2620511004, -3.0822422196], [-60.2457466713, -3.0795239936], [-60.2300804188, -3.0823998296], [-60.1950227601, -3.0991804484], [-60.1683516972, -3.1272897294], [-60.1440022241, -3.1304841492], [-60.1401614527, -3.1372297326], [-60.1121025346, -3.1498390333], [-60.0966074277, -3.1487669778], [-60.0929414966, -3.1358274835], [-60.0853143546, -3.1273252039], [-60.0719126838, -3.1468363063], [-60.0738305764, -3.1586983813], [-60.0700764486, -3.1619820148], [-60.053610605, -3.1675845798], [-60.0401086264, -3.1587058782], [-60.022915095, -3.1742827771], [-59.9918552376, -3.1894140689], [-59.9856638383, -3.1966086083], [-60.0034184886, -3.1991636837], [-59.990893828, -3.2106288638], [-59.9995210489, -3.2124221035], [-59.993958367, -3.2218455015], [-59.986276394, -3.2167791818], [-59.9702749471, -3.2132930191], [-59.9628589532, -3.2076588729], [-59.9602168396, -3.1993550611], [-59.9529387656, -3.2024204342], [-59.9433317445, -3.1745017947], [-59.9347789055, -3.1702035463], [-59.9327448258, -3.16108603], [-59.9235592992, -3.1543298979], [-59.9168576687, -3.1516486881], [-59.9064914128, -3.1374369284], [-59.8974209425, -3.1552950608], [-59.8946173679, -3.1850427966], [-59.8987428169, -3.217382987], [-59.8945168714, -3.2239509033], [-59.8955689795, -3.2328685873], [-59.9023309586, -3.2383553482], [-59.9124268155, -3.2635603247], [-59.9186748658, -3.2704482419], [-59.9351961951, -3.2837561658], [-59.9467381877, -3.2833548235], [-59.9995135262, -3.2946952348], [-60.0989590359, -3.3254550318], [-60.1182954662, -3.3387912942], [-60.1490809026, -3.3501392908], [-60.1827607392, -3.3527058832], [-60.1902368837, -3.3492997185], [-60.2133596798, -3.3591079019], [-60.2218467813, -3.3603135346], [-60.2477150361, -3.3544949394], [-60.2611033526, -3.3433746673], [-60.3086858873, -3.3155134091], [-60.3542418687, -3.3046157468], [-60.3128327021, -3.2671686301], [-60.3124412988, -3.2594137468], [-60.3185803116, -3.2369026654], [-60.3262739681, -3.2351442517], [-60.3322788613, -3.2398959069], [-60.3379157354, -3.233966148], [-60.3429422873, -3.2030420898], [-60.3506495234, -3.2010359181], [-60.3562758482, -3.1808202552], [-60.3745209105, -3.161932533], [-60.376056594, -3.1452949703], [-60.3696728254, -3.1326251252], [-60.4584982837, -3.1169126405], [-60.5329926022, -3.1159778069], [-60.5473793075, -3.1237143192], [-60.5539686713, -3.1197111257], [-60.5619127126, -3.1211710917], [-60.5857700777, -3.11531652], [-60.6135550627, -3.1300940817], [-60.6522154289, -3.1404497851], [-60.6820603273, -3.1438401629], [-60.677602933, -3.1632947381], [-60.6865017681, -3.1540514819], [-60.6889447836, -3.1328756933], [-60.717468703, -3.1039425597], [-60.7627725159, -3.0924626262], [-60.7862557537, -3.0991004508], [-60.809796429, -3.0989389478], [-60.8188524952, -3.0831393256], [-60.8315076737, -3.0817617519], [-60.8421323772, -3.0705503886], [-60.8538618106, -3.0645474354], [-60.8601141827, -3.0491974474], [-60.868353602, -3.046235899], [-60.8736095658, -3.0522442536], [-60.88727452, -3.0442281569], [-60.9012719861, -3.0524904163], [-60.9083296458, -3.048611575], [-60.9173578573, -3.0272123749], [-60.9297529088, -3.0182877321], [-60.9375525684, -3.0158070183], [-60.9470524055, -3.0030050347], [-60.9831660053, -3.0052548783], [-60.9900595688, -2.9999416769], [-60.9941890213, -2.9875987691], [-60.9768065039, -2.9771325542], [-60.97627035, -2.9648646656], [-60.9805564058, -2.9512380072], [-60.9783518538, -2.9397606693], [-60.9611042461, -2.92752458], [-60.972439355, -2.9014375971], [-60.9840549395, -2.8858993861], [-60.9832718837, -2.8652094127], [-60.9776095977, -2.8585040794], [-60.9584128587, -2.8521100758], [-60.9415211224, -2.8417333719], [-60.9219955971, -2.8179154433], [-60.9130553406, -2.8115123539], [-60.8727329116, -2.8206092041], [-60.8620682799, -2.837151028]]]}}, {"type": "Feature", "properties": {"nome": "Itacoatiara", "cod_ibge": "1301902", "rotulo": [-58.5466, -3.3258]}, "geometry": {"type": "Polygon", "coordinates": [[[-59.0263731586, -2.6968653788], [-59.011043409, -2.7023088029], [-58.9962095882, -2.6925022848], [-58.987012585, -2.6934328093], [-58.9833986474, -2.7003577512], [-58.9838988897, -2.7105190892], [-58.9891805964, -2.7177398306], [-58.9896481936, -2.7264516152], [-58.9833444182, -2.7309382663], [-58.9894307992, -2.7458232491], [-58.9864050138, -2.7554496762], [-58.98843311, -2.7737218158], [-58.9812363851, -2.7775802342], [-58.9639548595, -2.7790504274], [-58.9595645961, -2.7720594021], [-58.9639004232, -2.765805687], [-58.9579000659, -2.7608745916], [-58.9379312909, -2.7560032493], [-58.9150939528, -2.7645034875], [-58.9044813794, -2.7775512028], [-58.9148451659, -2.8001156661], [-58.9011699957, -2.8098141441], [-58.8996421594, -2.8188940716], [-58.8923713225, -2.8242408983], [-58.8756716276, -2.8549522479], [-58.8675331337, -2.853136847], [-58.8605111368, -2.8560870264], [-58.8641985202, -2.8726082251], [-58.8771434445, -2.8922423337], [-58.870194825, -2.9081141469], [-58.8495600571, -2.9206915931], [-58.8148966853, -2.9339184071], [-58.7820003732, -2.9612218306], [-58.6968945306, -3.0085264339], [-58.6804441356, -3.0126649319], [-58.6655819169, -3.0230329926], [-58.6264951193, -3.0401828444], [-58.5830819163, -3.0195798508], [-58.5662816499, -3.0068533226], [-58.5594630072, -3.005326809], [-58.5491017854, -3.0102561935], [-58.5093508528, -2.9974194825], [-58.4903499565, -2.9837667893], [-58.4719616749, -2.9768544835], [-58.409676707, -2.9986646657], [-58.3922558748, -3.0127389618], [-58.3998128217, -3.0187190121], [-58.4101348347, -3.0403559031], [-58.4153985878, -3.0424225969], [-58.4213445245, -3.0410312979], [-58.4288699739, -3.0228268504], [-58.4345853523, -3.0202843093], [-58.4355113542, -3.0278849243], [-58.4273050544, -3.0504659934], [-58.4076291447, -3.0488806228], [-58.4035200747, -3.0553336221], [-58.4035347129, -3.0663898981], [-58.3994217064, -3.0707718705], [-58.3939282872, -3.0682454377], [-58.3950394567, -3.0426789955], [-58.3895342182, -3.0309388797], [-58.3881848721, -3.0498267198], [-58.3790484556, -3.0597421688], [-58.3868452836, -3.0753952402], [-58.3934774341, -3.081593159], [-58.4044709275, -3.0827423981], [-58.4092898729, -3.0935595632], [-58.4019818468, -3.1032442075], [-58.3930518562, -3.0979578353], [-58.3802852992, -3.104512056], [-58.379952973, -3.1363092775], [-58.3753986802, -3.144239044], [-58.3511218706, -3.1261427248], [-58.3171245831, -3.1084136781], [-58.2448379627, -3.082436922], [-58.1766384791, -3.0348834782], [-58.1695776289, -3.0446797979], [-58.1685481814, -3.0532261654], [-58.173306622, -3.1239779021], [-58.182385818, -3.1537795285], [-58.1924437958, -3.1689012095], [-58.1920765076, -3.1866534463], [-58.0811575048, -3.1877312052], [-58.0653557245, -3.2147656205], [-58.0643207203, -3.2753913623], [-58.0708000607, -3.2822856151], [-58.0734871171, -3.2918815545], [-58.0699778501, -3.3059996236], [-58.0792432108, -3.3158912947], [-58.0881635493, -3.3146907977], [-58.091186201, -3.3252122728], [-58.0873293089, -3.3345220032], [-58.0966873542, -3.3368562747], [-58.1076582371, -3.347893535], [-58.1163577157, -3.3489150415], [-58.1228275722, -3.3428867923], [-58.1435667184, -3.3442930205], [-58.1673001954, -3.3534617117], [-58.1766108595, -3.367383982], [-58.1734736259, -3.4142479459], [-58.1791912326, -3.4379710373], [-58.1747437837, -3.4460196], [-58.1825858021, -3.4605883204], [-58.1813940924, -3.4962271409], [-58.3688918322, -3.4999611531], [-58.3700372743, -3.509780861], [-58.3643391698, -3.5149572147], [-58.3712567482, -3.5277020546], [-58.3778985143, -3.5316563165], [-58.3851706642, -3.552840642], [-58.3832586302, -3.5615141169], [-58.3623672226, -3.5823655395], [-58.3571199107, -3.5764914389], [-58.3491177178, -3.58245294], [-58.3557544364, -3.5886351881], [-58.3547045641, -3.5965140927], [-58.3423966368, -3.6110629207], [-58.3637601328, -3.6248938585], [-58.3715592319, -3.6369598411], [-58.3745938724, -3.6487484428], [-58.372621415, -3.6777560471], [-58.383815884, -3.6770257141], [-58.3904787614, -3.6718524288], [-58.4003708165, -3.6772137909], [-58.4061782926, -3.6955728104], [-58.4143445991, -3.7048003589], [-58.4187604024, -3.7240213737], [-58.4246214821, -3.7295559951], [-58.4365673571, -3.722200726], [-58.446899954, -3.705502984], [-58.4573504348, -3.7055315646], [-58.4623494014, -3.7273809601], [-58.4684297167, -3.7333024102], [-58.4640143345, -3.7517985626], [-58.4867411189, -3.7474358443], [-58.5065214796, -3.7531230493], [-58.5127120742, -3.7474456877], [-58.5149609878, -3.7397521221], [-58.5129330706, -3.7290793525], [-58.5160751742, -3.7146837827], [-58.5230508411, -3.7054967102], [-58.5324580441, -3.7039439708], [-58.5385423902, -3.6947526197], [-58.5503262811, -3.6858477805], [-58.5584946605, -3.6758175775], [-58.5580740554, -3.6676243636], [-58.57690719, -3.64816488], [-58.6101854935, -3.6374546188], [-58.6227163207, -3.6235377574], [-58.633852064, -3.6216870674], [-58.6486355509, -3.6331307878], [-58.6494937572, -3.6423203028], [-58.657799509, -3.6592778523], [-58.6791910941, -3.663178273], [-58.6830274403, -3.6565875755], [-58.691360499, -3.6577049328], [-58.6982494729, -3.647890631], [-58.7072435587, -3.6123173634], [-58.7225298945, -3.5966324667], [-58.730301757, -3.5972573275], [-58.750188666, -3.5910877375], [-58.786419714, -3.611574639], [-58.7987847211, -3.6130053565], [-58.8096182753, -3.6071887359], [-58.8180061953, -3.5984671882], [-58.8411453983, -3.5928027546], [-58.8553711262, -3.6034773459], [-58.8866236462, -3.6099428573], [-58.8925603749, -3.6149126487], [-58.9023698342, -3.6159391683], [-58.9194549291, -3.6074699967], [-58.919564706, -3.5945831116], [-58.9102882165, -3.5716343714], [-58.9128699231, -3.5562950791], [-58.9191491525, -3.5434933535], [-58.9010150001, -3.5124207869], [-58.8735864422, -3.476041912], [-58.8441977907, -3.4470232365], [-58.8331974542, -3.4464186392], [-58.8245566995, -3.4635796404], [-58.8161153994, -3.4609714141], [-58.8084262939, -3.4526116258], [-58.7993902657, -3.4365434278], [-58.787561307, -3.399544125], [-58.7868127898, -3.3862633903], [-58.8251684343, -3.4028883611], [-58.8455646088, -3.403957499], [-58.85408993, -3.4006607161], [-58.9016202457, -3.3660818064], [-58.9463648107, -3.3049496023], [-58.9690446027, -3.277064604], [-59.0047699449, -3.2446263286], [-59.015179541, -3.2428702711], [-59.038794774, -3.2492669859], [-59.0589359922, -3.262594864], [-59.0846225297, -3.2698779061], [-59.1255210175, -3.2873196737], [-59.1490757636, -3.2850286595], [-59.2336567748, -3.2429868768], [-59.3208904707, -3.210151689], [-59.3483856931, -3.1927734112], [-59.3836656303, -3.1807765062], [-59.3513950505, -3.1452368634], [-59.2643000997, -3.1533327345], [-59.2413078122, -3.161714219], [-59.2208594923, -3.1756189513], [-59.2064958562, -3.1793803627], [-59.181637892, -3.176645904], [-59.1678834831, -3.1784801368], [-59.1597624423, -3.1684565178], [-59.2616121374, -3.1286544432], [-59.2768543532, -3.1276287186], [-59.3040292396, -3.1315384372], [-59.3131692755, -3.1210998691], [-59.3410546117, -3.1062816703], [-59.3733899656, -3.0712524055], [-59.4046373136, -3.05397772], [-59.4308364325, -3.04813688], [-59.4548266708, -3.0293856968], [-59.4849979586, -2.9934598607], [-59.4999800757, -2.9872059068], [-59.4998031147, -2.9715344973], [-59.4864771424, -2.9663606607], [-59.4665285232, -2.9487868186], [-59.430640139, -2.9270926314], [-59.40889396, -2.8882740241], [-59.4053349784, -2.8738586705], [-59.3838796389, -2.8719522495], [-59.3752799606, -2.8654029058], [-59.3688650393, -2.8707614775], [-59.3694690876, -2.8881108228], [-59.3610054627, -2.8881670047], [-59.357499603, -2.8793974356], [-59.352996972, -2.8451905159], [-59.3562492978, -2.8288232007], [-59.3534174178, -2.8212656571], [-59.3056098388, -2.7607251454], [-59.2868849938, -2.7486788338], [-59.2686083341, -2.7439490423], [-59.2647504872, -2.7257211864], [-59.2409047645, -2.7126391451], [-59.2299371293, -2.700827727], [-59.2287762552, -2.6498369537], [-59.2171335139, -2.6357015754], [-59.2099370576, -2.63276691], [-59.191858258, -2.6061933575], [-59.1886843706, -2.5973062777], [-59.2003797168, -2.5639502138], [-59.1954372497, -2.5556142078], [-59.1658776757, -2.5389791769], [-59.1553864914, -2.5170964534], [-59.1305338454, -2.5200282825], [-59.1227965156, -2.5353884399], [-59.1114156484, -2.5468469376], [-59.0961994299, -2.5557483846], [-59.0886245322, -2.56938393], [-59.0819345936, -2.5748820253], [-59.0617201212, -2.5796540453], [-59.050764638, -2.5866331933], [-59.0478730948, -2.6234450288], [-59.0305209741, -2.630820133], [-59.0262062328, -2.638180555], [-59.0329875159, -2.6650177373], [-59.0230981063, -2.6899151424], [-59.0263731586, -2.6968653788]]]}}, {"type": "Feature", "properties": {"nome": "Manacapuru", "cod_ibge": "1302504", "rotulo": [-60.8428, -3.3316]}, "geometry": {"type": "Polygon", "coordinates": [[[-61.3760502071, -2.7444139495], [-61.3365851431, -2.7453546676], [-61.3130815452, -2.7390414424], [-61.2763249282, -2.7433014476], [-61.2501117617, -2.7406690746], [-61.2436283952, -2.7692477678], [-61.2346629869, -2.7750631453], [-61.2316033283, -2.7674010044], [-61.2214386789, -2.7641529676], [-61.1999950237, -2.7708210412], [-61.1580295252, -2.7902909393], [-61.1525541689, -2.802275811], [-61.1436097037, -2.8075905475], [-61.1143386436, -2.8148213211], [-61.0608288667, -2.813402724], [-61.0526384873, -2.8169094286], [-61.04027393, -2.826364364], [-61.0333064848, -2.8415403893], [-61.0159383246, -2.8518613539], [-61.0078296579, -2.8625931814], [-61.00604963, -2.8747928354], [-60.9999955101, -2.8833143024], [-60.9840549395, -2.8858993861], [-60.972439355, -2.9014375971], [-60.9611042461, -2.92752458], [-60.9783518538, -2.9397606693], [-60.9805564058, -2.9512380072], [-60.97627035, -2.9648646656], [-60.9768065039, -2.9771325542], [-60.9941890213, -2.9875987691], [-60.9900595688, -2.9999416769], [-60.9831660053, -3.0052548783], [-60.9470524055, -3.0030050347], [-60.9375525684, -3.0158070183], [-60.9297529088, -3.0182877321], [-60.9173578573, -3.0272123749], [-60.9083296458, -3.048611575], [-60.9012719861, -3.0524904163], [-60.88727452, -3.0442281569], [-60.8736095658, -3.0522442536], [-60.868353602, -3.046235899], [-60.8601141827, -3.0491974474], [-60.8538618106, -3.0645474354], [-60.8421323772, -3.0705503886], [-60.8315076737, -3.0817617519], [-60.8188524952, -3.0831393256], [-60.809796429, -3.0989389478], [-60.7862557537, -3.0991004508], [-60.7627725159, -3.0924626262], [-60.717468703, -3.1039425597], [-60.6889447836, -3.1328756933], [-60.6865017681, -3.1540514819], [-60.677602933, -3.1632947381], [-60.6820603273, -3.1438401629], [-60.6522154289, -3.1404497851], [-60.6135550627, -3.1300940817], [-60.5857700777, -3.11531652], [-60.5619127126, -3.1211710917], [-60.5539686713, -3.1197111257], [-60.5473793075, -3.1237143192], [-60.5329926022, -3.1159778069], [-60.4584982837, -3.1169126405], [-60.3696728254, -3.1326251252], [-60.376056594, -3.1452949703], [-60.3745209105, -3.161932533], [-60.3562758482, -3.1808202552], [-60.3506495234, -3.2010359181], [-60.3429422873, -3.2030420898], [-60.3379157354, -3.233966148], [-60.3322788613, -3.2398959069], [-60.3262739681, -3.2351442517], [-60.3185803116, -3.2369026654], [-60.3124412988, -3.2594137468], [-60.3128327021, -3.2671686301], [-60.3542418687, -3.3046157468], [-60.3620282539, -3.3035323802], [-60.3954968178, -3.3056186846], [-60.6393891617, -3.4478313181], [-60.6314721925, -3.4635620424], [-60.6281963476, -3.4804015633], [-60.627910185, -3.4883456745], [-60.6363607163, -3.5085449866], [-60.6268553827, -3.5391472814], [-60.6277486069, -3.5467578322], [-60.6662717449, -3.6162738506], [-60.6620582142, -3.6318186491], [-60.6822749833, -3.6673223543], [-60.6932520686, -3.7059713826], [-60.7017912828, -3.7122563434], [-60.7236118134, -3.7198629317], [-60.784692193, -3.7270419508], [-60.8061365176, -3.7362324308], [-60.8418016304, -3.7373140176], [-60.8749415915, -3.7432146523], [-60.8817787731, -3.7473192117], [-60.8963280085, -3.7667519768], [-60.91861232, -3.7747827066], [-60.9378836128, -3.7611974571], [-60.9722428625, -3.7663386251], [-61.000023038, -3.7817276465], [-61.0149449984, -3.782244937], [-61.044222336, -3.8210910458], [-61.0616338319, -3.7944887447], [-61.0861941314, -3.7922954029], [-61.1093876813, -3.7958033922], [-61.1247482365, -3.7926891317], [-61.1310309859, -3.7870567244], [-61.1388363005, -3.7900868844], [-61.1463580643, -3.7888585342], [-61.1519122515, -3.7832134221], [-61.1462201799, -3.7773626745], [-61.1411639134, -3.762509511], [-61.1427759431, -3.7547601608], [-61.1581383832, -3.7497445236], [-61.1570221295, -3.7420355933], [-61.1436686297, -3.7218447016], [-61.1443059452, -3.7059104481], [-61.1499703938, -3.700480803], [-61.3318087933, -3.6958356016], [-61.4067503109, -3.6252948271], [-61.3905243229, -3.6090220303], [-61.3769454343, -3.6018318784], [-61.3338416858, -3.6064883529], [-61.2900559353, -3.605836634], [-61.2893582288, -3.5942241226], [-61.2933319125, -3.5653337427], [-61.2895232716, -3.5582221411], [-61.2903052544, -3.5421035875], [-61.3023034008, -3.5318728032], [-61.2983324247, -3.5086412908], [-61.3014422319, -3.5000134735], [-61.210968287, -3.4945190316], [-61.2016096562, -3.4724365528], [-61.2028882295, -3.4641174374], [-61.1968577646, -3.4413170747], [-61.1521098251, -3.4096261736], [-61.126637466, -3.4114297294], [-61.1024705235, -3.4326447432], [-61.0998857284, -3.4494371565], [-61.084661147, -3.4496767794], [-61.0730300937, -3.4381484822], [-61.071856268, -3.4148122568], [-61.0752763556, -3.3975723423], [-61.0743883819, -3.3819525286], [-61.100388187, -3.3467082051], [-61.1163503555, -3.3302267657], [-61.1194429572, -3.3247150617], [-61.1108343209, -3.3061813584], [-61.1119402954, -3.2983928104], [-61.0979095515, -3.2918335798], [-61.0999626951, -3.2854740719], [-61.0992472389, -3.2671622537], [-61.1184446892, -3.2525866469], [-61.1501116701, -3.2532680522], [-61.180581225, -3.2424383726], [-61.1968302929, -3.2436064579], [-61.226804359, -3.2360545085], [-61.2632733877, -3.2178963747], [-61.2753914242, -3.2075716921], [-61.290439194, -3.2032316964], [-61.3059157079, -3.2070500163], [-61.3098895874, -3.2053765843], [-61.3184413677, -3.1971546624], [-61.3203308071, -3.1475444843], [-61.3299189012, -3.1328106324], [-61.3478939617, -3.1161641158], [-61.3519952963, -3.1085196024], [-61.3538581173, -3.0916243656], [-61.3505552842, -3.0666562774], [-61.356338994, -3.0187658248], [-61.3559707314, -3.0044486519], [-61.3793586946, -2.9938139738], [-61.3826616638, -2.973941916], [-61.4068297733, -2.8947583917], [-61.4063599643, -2.8847787424], [-61.4163442282, -2.8683380363], [-61.4300790366, -2.8667058754], [-61.4366029855, -2.8605028113], [-61.4343256285, -2.8520240974], [-61.4409464571, -2.8379443476], [-61.4499169862, -2.8342558629], [-61.4541381871, -2.8277103831], [-61.469993035, -2.8176105139], [-61.4778012233, -2.8164119327], [-61.4828321325, -2.8083526504], [-61.4804680474, -2.7989883761], [-61.4829691783, -2.7862557238], [-61.4656123746, -2.766522896], [-61.4486056469, -2.7607009943], [-61.4128042956, -2.7655596814], [-61.4037474254, -2.7611945929], [-61.4077493587, -2.7421739008], [-61.4021936053, -2.7323338923], [-61.3905553452, -2.7352833664], [-61.3760502071, -2.7444139495]]]}}, {"type": "Feature", "properties": {"nome": "Manaquiri", "cod_ibge": "1302553", "rotulo": [-60.8323, -3.9516]}, "geometry": {"type": "Polygon", "coordinates": [[[-60.2477150361, -3.3544949394], [-60.2218467813, -3.3603135346], [-60.2133596798, -3.3591079019], [-60.1902368837, -3.3492997185], [-60.1827607392, -3.3527058832], [-60.1850036624, -3.3579136966], [-60.1907361243, -3.3599570552], [-60.1954713277, -3.3707591989], [-60.2088597317, -3.3645388952], [-60.2225814394, -3.3808266201], [-60.2356481044, -3.3824195824], [-60.2551400876, -3.4078397373], [-60.271314924, -3.4238340667], [-60.299141328, -3.4441775441], [-60.2912388833, -3.4664958349], [-60.2668096205, -3.4939526362], [-60.2633327866, -3.5000078371], [-60.2709685703, -3.5113412397], [-60.2903861363, -3.5210820644], [-60.2954694063, -3.5292081278], [-60.2928278621, -3.5456949938], [-60.2954123343, -3.5618947072], [-60.3061374617, -3.5743880439], [-60.3129116516, -3.5894706617], [-60.3126162242, -3.5975284728], [-60.3052215339, -3.6112696558], [-60.3084133825, -3.6430879962], [-60.3270283328, -3.6573134019], [-60.4088300756, -3.5903247115], [-60.4298634762, -3.6003234482], [-60.4522982465, -3.6239037818], [-60.4516691417, -3.637932436], [-60.444110479, -3.6521338286], [-60.4499981522, -3.6770101873], [-60.4338618865, -3.6815496092], [-60.422915792, -3.7038907146], [-60.4240859903, -3.7114582031], [-60.4481102101, -3.7171789393], [-60.4751883516, -3.764996194], [-60.4954267775, -3.7815890029], [-60.5236078099, -3.8001733807], [-60.5394956197, -3.8188346489], [-60.547190048, -3.8231257514], [-60.5638065738, -3.8250198496], [-60.57044044, -3.8296374835], [-60.5752477997, -3.8470445126], [-60.5743580724, -3.8727822392], [-60.5911618263, -3.9010611804], [-60.5953874063, -3.9187192239], [-60.5940002566, -3.9618061356], [-60.5958248035, -3.9672583461], [-60.605416853, -3.9807923803], [-60.6045582492, -4.0250467514], [-60.8027744034, -4.1742420001], [-60.8116129988, -4.1663110109], [-60.8269685461, -4.1620740173], [-60.8393831774, -4.1530502834], [-60.8451103514, -4.1674450895], [-60.8525519897, -4.1697179342], [-60.863385566, -4.1581038653], [-60.870888722, -4.1571050583], [-60.8902219605, -4.1699570277], [-60.8985847208, -4.1673432112], [-60.9007176467, -4.1515856121], [-60.915720545, -4.1472623281], [-60.923163885, -4.132204438], [-60.9378572383, -4.1253678029], [-60.9431915665, -4.1328616864], [-60.9650099014, -4.1336302149], [-60.9718326296, -4.128716743], [-60.9668852103, -4.1223332417], [-60.9658284682, -4.1064152891], [-60.9805559335, -4.1005493754], [-60.9961375275, -4.1026769051], [-60.9999941947, -4.0925905934], [-61.0113262236, -4.0816927308], [-61.0193046374, -4.0804385858], [-61.027076284, -4.0824256157], [-61.0462192114, -4.1166460073], [-61.0568050165, -4.1282764304], [-61.0703055805, -4.1211286191], [-61.0780229332, -4.1219946754], [-61.1060254849, -4.1341966362], [-61.1449384507, -4.125598627], [-61.152750278, -4.1289413935], [-61.1631940005, -4.1403686502], [-61.1631385537, -3.974541339], [-61.1362430389, -3.9582074835], [-61.122800017, -3.9382636895], [-61.1097437006, -3.9265644714], [-61.0807528865, -3.9131308848], [-61.0603320185, -3.8867166431], [-61.050138584, -3.8648636161], [-61.048000767, -3.8489479677], [-61.0484729523, -3.8405968681], [-61.0541361216, -3.8342585827], [-61.0472183894, -3.8293949529], [-61.044222336, -3.8210910458], [-61.0149449984, -3.782244937], [-61.000023038, -3.7817276465], [-60.9722428625, -3.7663386251], [-60.9378836128, -3.7611974571], [-60.91861232, -3.7747827066], [-60.8963280085, -3.7667519768], [-60.8817787731, -3.7473192117], [-60.8749415915, -3.7432146523], [-60.8418016304, -3.7373140176], [-60.8061365176, -3.7362324308], [-60.784692193, -3.7270419508], [-60.7236118134, -3.7198629317], [-60.7017912828, -3.7122563434], [-60.6932520686, -3.7059713826], [-60.6822749833, -3.6673223543], [-60.6620582142, -3.6318186491], [-60.6662717449, -3.6162738506], [-60.6277486069, -3.5467578322], [-60.6268553827, -3.5391472814], [-60.6363607163, -3.5085449866], [-60.627910185, -3.4883456745], [-60.6281963476, -3.4804015633], [-60.6314721925, -3.4635620424], [-60.6393891617, -3.4478313181], [-60.3954968178, -3.3056186846], [-60.3620282539, -3.3035323802], [-60.3086858873, -3.3155134091], [-60.2611033526, -3.3433746673], [-60.2477150361, -3.3544949394]]]}}, {"type": "Feature", "properties": {"nome": "Manaus", "cod_ibge": "1302603", "rotulo": [-60.45, -2.4]}, "geometry": {"type": "Polygon", "coordinates": [[[-60.2665485718, -1.9861401688], [-60.2324722446, -2.0028378332], [-60.217971527, -1.9996833395], [-60.2042160876, -2.0036921542], [-60.1673008151, -2.027300483], [-60.1591647804, -2.0272226566], [-60.1481916377, -2.0417407787], [-60.1396652746, -2.0399741226], [-60.1327167766, -2.0430137817], [-60.1111891808, -2.0552523486], [-60.1062246285, -2.0613806854], [-60.0907749169, -2.0596314632], [-60.0829703834, -2.0760099225], [-60.0740282072, -2.0802619285], [-60.0692453196, -2.0873307558], [-60.0600780168, -2.0875109019], [-60.0503898651, -2.1022970578], [-60.0329143787, -2.0972662816], [-60.0164273706, -2.1007869582], [-60.0119664519, -2.110244057], [-59.9999812104, -2.1198330071], [-59.9966674138, -2.1338955029], [-59.998671006, -2.142854757], [-60.0273580533, -2.2418091009], [-60.0391304829, -2.2642017858], [-60.0460537217, -2.3279037474], [-60.0239205197, -2.4479754014], [-60.0290729419, -2.4715998988], [-60.0366705677, -2.5227811738], [-60.0364283933, -2.5318332887], [-60.0325975382, -2.5489540486], [-60.0168803864, -2.5466514124], [-60.0121528499, -2.5394001542], [-59.9990505041, -2.5490675602], [-59.9960517874, -2.5660758719], [-59.9818447772, -2.5586815776], [-59.9664617654, -2.5638693208], [-59.9619773244, -2.5702386357], [-59.9539156748, -2.5698220027], [-59.9406853003, -2.5779179322], [-59.9484631659, -2.591873153], [-59.9464490253, -2.5993816647], [-59.9495481774, -2.6065296743], [-59.9419140776, -2.6218760697], [-59.9197012231, -2.6101551077], [-59.9116031208, -2.6236585195], [-59.9039848912, -2.6573191257], [-59.8957933116, -2.6588272479], [-59.886650425, -2.6720579252], [-59.8731239961, -2.683504518], [-59.8718872218, -2.700119977], [-59.8756048704, -2.7153494269], [-59.8701400756, -2.7213683012], [-59.8469971817, -2.7259249724], [-59.8330095795, -2.7351604757], [-59.82974558, -2.742144345], [-59.8317398618, -2.7702216001], [-59.8148935319, -2.7877460113], [-59.8186293485, -2.8029891076], [-59.8106496476, -2.8168878412], [-59.803042754, -2.8171200823], [-59.7823067746, -2.8301229311], [-59.7591492085, -2.821861093], [-59.7515660437, -2.8265442898], [-59.7377150818, -2.8499821352], [-59.7380388881, -2.8575768328], [-59.7255804051, -2.8672457203], [-59.715147841, -2.8809541129], [-59.7280987965, -2.8984278468], [-59.7207079992, -2.9187325385], [-59.7078723595, -2.9309631037], [-59.7055470639, -2.9392501958], [-59.6540257201, -2.9463995714], [-59.6367270107, -2.9610921213], [-59.619831951, -2.9640480241], [-59.5958689679, -2.958370393], [-59.5789755534, -2.9602358079], [-59.5466476865, -2.9564113837], [-59.531646689, -2.9508279464], [-59.5245862726, -2.9535148878], [-59.5206759652, -2.9600172593], [-59.5066792914, -2.9655995612], [-59.4998031147, -2.9715344973], [-59.4999800757, -2.9872059068], [-59.4849979586, -2.9934598607], [-59.4548266708, -3.0293856968], [-59.4308364325, -3.04813688], [-59.4046373136, -3.05397772], [-59.3733899656, -3.0712524055], [-59.3410546117, -3.1062816703], [-59.3131692755, -3.1210998691], [-59.3040292396, -3.1315384372], [-59.2768543532, -3.1276287186], [-59.2616121374, -3.1286544432], [-59.1597624423, -3.1684565178], [-59.1678834831, -3.1784801368], [-59.181637892, -3.176645904], [-59.2064958562, -3.1793803627], [-59.2208594923, -3.1756189513], [-59.2413078122, -3.161714219], [-59.2643000997, -3.1533327345], [-59.3513950505, -3.1452368634], [-59.358132937, -3.1526593906], [-59.390476958, -3.1627024007], [-59.4791639402, -3.1282591888], [-59.5156948374, -3.1259254091], [-59.5487143469, -3.1196792858], [-59.6259932083, -3.0855694952], [-59.6996638675, -3.0605278385], [-59.7171618609, -3.0606758942], [-59.7857693573, -3.0674350192], [-59.802649721, -3.0717864849], [-59.859140595, -3.0976441975], [-59.8935432002, -3.1231184673], [-59.9168576687, -3.1516486881], [-59.9235592992, -3.1543298979], [-59.9327448258, -3.16108603], [-59.9347789055, -3.1702035463], [-59.9433317445, -3.1745017947], [-59.9529387656, -3.2024204342], [-59.9602168396, -3.1993550611], [-59.9628589532, -3.2076588729], [-59.9702749471, -3.2132930191], [-59.986276394, -3.2167791818], [-59.993958367, -3.2218455015], [-59.9995210489, -3.2124221035], [-59.990893828, -3.2106288638], [-60.0034184886, -3.1991636837], [-59.9856638383, -3.1966086083], [-59.9918552376, -3.1894140689], [-60.022915095, -3.1742827771], [-60.0401086264, -3.1587058782], [-60.053610605, -3.1675845798], [-60.0700764486, -3.1619820148], [-60.0738305764, -3.1586983813], [-60.0719126838, -3.1468363063], [-60.0853143546, -3.1273252039], [-60.0929414966, -3.1358274835], [-60.0966074277, -3.1487669778], [-60.1121025346, -3.1498390333], [-60.1401614527, -3.1372297326], [-60.1440022241, -3.1304841492], [-60.1683516972, -3.1272897294], [-60.1950227601, -3.0991804484], [-60.2300804188, -3.0823998296], [-60.2457466713, -3.0795239936], [-60.2620511004, -3.0822422196], [-60.2896613213, -3.0983708397], [-60.2935237357, -3.0838206114], [-60.3117767791, -3.0793620982], [-60.3111393048, -3.0870234436], [-60.3147804192, -3.0942036495], [-60.3283849422, -3.1005935355], [-60.3662756285, -3.0929085687], [-60.3822198853, -3.0977192798], [-60.4378053158, -3.0929253246], [-60.4449955681, -3.0903206051], [-60.4540570789, -3.0777656822], [-60.4547786199, -3.0637471519], [-60.4568086233, -3.0796361758], [-60.4691111696, -3.0899046731], [-60.4919495215, -3.0935063295], [-60.5048289242, -3.0917886484], [-60.5186340233, -3.0809569352], [-60.5140526218, -3.0745262892], [-60.5003838699, -3.072157306], [-60.5045830926, -3.0617518096], [-60.5168252005, -3.0511100704], [-60.5440553375, -3.0346728116], [-60.568051872, -3.0327756913], [-60.5816625138, -3.0237243676], [-60.5871360138, -3.0168211878], [-60.5941117043, -2.9907698831], [-60.5995018785, -2.9820843993], [-60.6201327044, -2.9650971522], [-60.6335271215, -2.9451194833], [-60.652026977, -2.9355406648], [-60.664103448, -2.9138101024], [-60.6799980146, -2.9019044348], [-60.7009734346, -2.8789566908], [-60.7050808222, -2.8615249065], [-60.7559196155, -2.8214274755], [-60.8012306853, -2.5448676088], [-60.7913026196, -2.4841237082], [-60.7812461688, -2.4604571137], [-60.773190021, -2.45321564], [-60.7489483528, -2.4473368367], [-60.7428322544, -2.4399491501], [-60.7433305166, -2.430076422], [-60.7534492338, -2.4141638493], [-60.7669158691, -2.4066690866], [-60.7684151377, -2.3991269005], [-60.7351940617, -2.3848119219], [-60.7328904814, -2.3677946425], [-60.7165465813, -2.3736669402], [-60.7080277236, -2.3705107293], [-60.7169406196, -2.3564105047], [-60.7002197063, -2.3511898096], [-60.6947986769, -2.3458185034], [-60.7101954243, -2.3275649804], [-60.7108585888, -2.3197208093], [-60.6989680976, -2.3074071867], [-60.7049739556, -2.2919275366], [-60.7039724893, -2.2832665592], [-60.7180004274, -2.2744621023], [-60.7134104746, -2.2675837326], [-60.7054711359, -2.2652313274], [-60.6993010048, -2.2589545335], [-60.6978842953, -2.2501758312], [-60.6915480664, -2.2423078604], [-60.6973354713, -2.2361117337], [-60.7002507632, -2.2206316413], [-60.7160541821, -2.2204423553], [-60.7265544979, -2.2085562891], [-60.7269140266, -2.2007686923], [-60.7337219873, -2.1971724473], [-60.7384399284, -2.1889953896], [-60.7285546488, -2.1758721439], [-60.7212229313, -2.1787537177], [-60.7072806144, -2.1703890962], [-60.6996581697, -2.172793163], [-60.6913626298, -2.1589436451], [-60.6780007626, -2.1497415871], [-60.6749735145, -2.1422006591], [-60.6634686679, -2.1303281384], [-60.6815209613, -2.1077397052], [-60.6724422976, -2.0973150049], [-60.6745359767, -2.0886623736], [-60.6676622856, -2.074249501], [-60.6599945232, -2.0765777121], [-60.652522755, -2.0735657883], [-60.6522480207, -2.0659154331], [-60.643570011, -2.0624600494], [-60.6421395642, -2.0559039797], [-60.6343069664, -2.0553427326], [-60.6216936797, -2.045980527], [-60.6141048234, -2.0322842047], [-60.6073269105, -2.0082799908], [-60.5984714164, -1.9984776602], [-60.57326966, -1.9992892796], [-60.5585525838, -2.0053685635], [-60.5420201908, -2.0023241584], [-60.5031131234, -2.017098152], [-60.4892434271, -2.0170744095], [-60.4161312253, -1.9964757686], [-60.4121341982, -1.9881963233], [-60.3661874587, -1.9630634255], [-60.3572469346, -1.9541076419], [-60.339244333, -1.9522548571], [-60.2806091726, -1.9239481795], [-60.2856387494, -1.9355895855], [-60.2929951761, -1.9412793759], [-60.2969181467, -1.9570683924], [-60.2665485718, -1.9861401688]]]}}, {"type": "Feature", "properties": {"nome": "Novo Airão", "cod_ibge": "1303205", "rotulo": [-61.1994, -2.3035]}, "geometry": {"type": "MultiPolygon", "coordinates": [[[[-61.0547172848, -0.5383398039], [-61.0455544009, -0.5455665703], [-61.0333322918, -0.5486244773], [-61.0247193232, -0.543616243], [-60.99999728, -0.5594529577], [-60.9750002567, -0.5622304698], [-60.9577770362, -0.5600058482], [-60.95277262, -0.5541766498], [-60.9461055215, -0.559175818], [-60.9352720194, -0.5597362418], [-60.9297229669, -0.5544541142], [-60.9202738297, -0.5550136987], [-60.9119400829, -0.5808447733], [-60.9155530902, -0.5894509945], [-60.9158296619, -0.6100107714], [-60.908327383, -0.6155580119], [-60.9077719102, -0.6236236493], [-60.8822219013, -0.6488964455], [-60.8605519468, -0.6419492818], [-60.8541639272, -0.6475077552], [-60.8488901726, -0.6538990087], [-60.8469441525, -0.6636170725], [-60.8513864292, -0.6744486262], [-60.842777325, -0.6902838785], [-60.811659513, -0.6916763948], [-60.7972164914, -0.7005595043], [-60.7974929161, -0.7108421537], [-60.7949203607, -0.7147810148], [-60.7927750486, -0.7280640084], [-60.7991640278, -0.7355625737], [-60.7966621329, -0.7444485618], [-60.7883250942, -0.7444524179], [-60.7805519377, -0.7483447859], [-60.7766645428, -0.7558404714], [-60.7683338714, -0.7541740866], [-60.7605556412, -0.7611192939], [-60.7661071216, -0.7777804349], [-60.7727700332, -0.7819528724], [-60.7733342358, -0.7908354683], [-60.7561093021, -0.7952820883], [-60.7586023598, -0.8094505584], [-60.7527713759, -0.8194487978], [-60.758886591, -0.8283375274], [-60.7541187033, -0.8419336806], [-60.7638841486, -0.8505561651], [-60.7733261064, -0.8661153871], [-60.7755515709, -0.8836134212], [-60.7708254453, -0.8941759681], [-60.7772168065, -0.928614889], [-60.7816631771, -0.9375067847], [-60.7805540306, -0.9497303093], [-60.7863828536, -0.967779968], [-60.7844449913, -0.9772230282], [-60.7886101041, -0.9847310587], [-60.787773575, -0.9930583337], [-60.7988837847, -0.9991679739], [-60.7944840371, -1.0232347781], [-60.7769448322, -1.0507825148], [-60.7576887018, -1.067188103], [-60.7554934592, -1.0776654691], [-60.7771388223, -1.0781921633], [-60.7829916858, -1.0879425435], [-60.7910856377, -1.0913538761], [-60.801166893, -1.0915098143], [-60.8207475799, -1.0852264596], [-60.8272476938, -1.0910386027], [-60.8237689613, -1.1096090449], [-60.8262474855, -1.1245551276], [-60.8363559524, -1.1438199885], [-60.8442979586, -1.1435397789], [-60.8567815756, -1.1329238302], [-60.8621949063, -1.139716991], [-60.8558838694, -1.1565945061], [-60.8467752202, -1.167861948], [-60.8509457545, -1.1769350098], [-60.8517446727, -1.1944538578], [-60.8396973755, -1.2091559711], [-60.8453023811, -1.2159507564], [-60.8561953154, -1.216039863], [-60.8535505718, -1.2264694099], [-60.8413043743, -1.2407175474], [-60.8511332278, -1.251062946], [-60.8540505561, -1.2595755093], [-60.8622415521, -1.2619621003], [-60.8709917505, -1.2576373335], [-60.8891846244, -1.2645655957], [-60.9051610103, -1.2504545935], [-60.9111370483, -1.2579273737], [-60.9285833065, -1.2631501103], [-60.9329129777, -1.2794435448], [-60.9529682932, -1.279757393], [-60.9550774725, -1.2920942947], [-60.9637239946, -1.3093269976], [-60.9594136312, -1.3167539701], [-60.9420495569, -1.3123756028], [-60.9224445845, -1.3154733293], [-60.9156919829, -1.307331172], [-60.8869700472, -1.3093511685], [-60.8835855473, -1.3169903424], [-60.8834078487, -1.3342303632], [-60.8623048409, -1.3450216823], [-60.847634737, -1.3589984549], [-60.8364422379, -1.4071441085], [-60.85313265, -1.4175557459], [-60.8597185245, -1.426379585], [-60.8552147126, -1.4344938346], [-60.8353903936, -1.4340592189], [-60.8274156006, -1.4386607503], [-60.8307169667, -1.4607169668], [-60.8363891272, -1.4675590521], [-60.8360547594, -1.4754627957], [-60.8268051048, -1.4745043228], [-60.8197797694, -1.4692089853], [-60.8057790546, -1.4473478441], [-60.7883331593, -1.4408633741], [-60.7800244899, -1.439272525], [-60.7500196203, -1.4451092622], [-60.7376576273, -1.4578174694], [-60.7263650985, -1.4578979109], [-60.720578287, -1.4645875234], [-60.6715793078, -1.4889871522], [-60.6686912277, -1.4970279774], [-60.6612756593, -1.4993482456], [-60.6566854984, -1.5061441014], [-60.6306934738, -1.5161065253], [-60.6261060918, -1.5231903466], [-60.6184943153, -1.5230708895], [-60.6124424207, -1.5278866215], [-60.6090274959, -1.5368968115], [-60.5920231105, -1.5472465956], [-60.5895523924, -1.5652938765], [-60.5827776498, -1.5713631663], [-60.580161186, -1.5877052865], [-60.5846042118, -1.5942126038], [-60.5824126169, -1.6032772752], [-60.58869105, -1.608415638], [-60.5976125072, -1.6259859503], [-60.6132200397, -1.6337325425], [-60.6099367507, -1.6412544477], [-60.6264646665, -1.6871605649], [-60.6184450706, -1.7203202438], [-60.6251056094, -1.7466108293], [-60.6262997288, -1.7914157822], [-60.6182466917, -1.8259346758], [-60.6115272917, -1.8339474939], [-60.6183303485, -1.8579627362], [-60.6160787287, -1.8665583952], [-60.5948768924, -1.8872755203], [-60.5759109636, -1.9115774643], [-60.5589436799, -1.9192530225], [-60.480992838, -1.9178714737], [-60.4532164528, -1.9361287212], [-60.4440804211, -1.9492657283], [-60.3572469346, -1.9541076419], [-60.3661874587, -1.9630634255], [-60.4121341982, -1.9881963233], [-60.4161312253, -1.9964757686], [-60.4892434271, -2.0170744095], [-60.5031131234, -2.017098152], [-60.5420201908, -2.0023241584], [-60.5585525838, -2.0053685635], [-60.57326966, -1.9992892796], [-60.5984714164, -1.9984776602], [-60.6073269105, -2.0082799908], [-60.6141048234, -2.0322842047], [-60.6216936797, -2.045980527], [-60.6343069664, -2.0553427326], [-60.6421395642, -2.0559039797], [-60.643570011, -2.0624600494], [-60.6522480207, -2.0659154331], [-60.652522755, -2.0735657883], [-60.6599945232, -2.0765777121], [-60.6676622856, -2.074249501], [-60.6745359767, -2.0886623736], [-60.6724422976, -2.0973150049], [-60.6815209613, -2.1077397052], [-60.6634686679, -2.1303281384], [-60.6749735145, -2.1422006591], [-60.6780007626, -2.1497415871], [-60.6913626298, -2.1589436451], [-60.6996581697, -2.172793163], [-60.7072806144, -2.1703890962], [-60.7212229313, -2.1787537177], [-60.7285546488, -2.1758721439], [-60.7384399284, -2.1889953896], [-60.7337219873, -2.1971724473], [-60.7269140266, -2.2007686923], [-60.7265544979, -2.2085562891], [-60.7160541821, -2.2204423553], [-60.7002507632, -2.2206316413], [-60.6973354713, -2.2361117337], [-60.6915480664, -2.2423078604], [-60.6978842953, -2.2501758312], [-60.6993010048, -2.2589545335], [-60.7054711359, -2.2652313274], [-60.7134104746, -2.2675837326], [-60.7180004274, -2.2744621023], [-60.7039724893, -2.2832665592], [-60.7049739556, -2.2919275366], [-60.6989680976, -2.3074071867], [-60.7108585888, -2.3197208093], [-60.7101954243, -2.3275649804], [-60.6947986769, -2.3458185034], [-60.7002197063, -2.3511898096], [-60.7169406196, -2.3564105047], [-60.7080277236, -2.3705107293], [-60.7165465813, -2.3736669402], [-60.7328904814, -2.3677946425], [-60.7351940617, -2.3848119219], [-60.7684151377, -2.3991269005], [-60.7669158691, -2.4066690866], [-60.7534492338, -2.4141638493], [-60.7433305166, -2.430076422], [-60.7428322544, -2.4399491501], [-60.7489483528, -2.4473368367], [-60.773190021, -2.45321564], [-60.7812461688, -2.4604571137], [-60.7913026196, -2.4841237082], [-60.8012306853, -2.5448676088], [-60.7559196155, -2.8214274755], [-60.786635187, -2.8298737747], [-60.8121886363, -2.8285129133], [-60.8514930875, -2.8409874929], [-60.8620682799, -2.837151028], [-60.8727329116, -2.8206092041], [-60.9130553406, -2.8115123539], [-60.9219955971, -2.8179154433], [-60.9415211224, -2.8417333719], [-60.9584128587, -2.8521100758], [-60.9776095977, -2.8585040794], [-60.9832718837, -2.8652094127], [-60.9840549395, -2.8858993861], [-60.9999955101, -2.8833143024], [-61.00604963, -2.8747928354], [-61.0078296579, -2.8625931814], [-61.0159383246, -2.8518613539], [-61.0333064848, -2.8415403893], [-61.04027393, -2.826364364], [-61.0526384873, -2.8169094286], [-61.0608288667, -2.813402724], [-61.1143386436, -2.8148213211], [-61.1436097037, -2.8075905475], [-61.1525541689, -2.802275811], [-61.1580295252, -2.7902909393], [-61.1999950237, -2.7708210412], [-61.2214386789, -2.7641529676], [-61.2316033283, -2.7674010044], [-61.2346629869, -2.7750631453], [-61.2436283952, -2.7692477678], [-61.2501117617, -2.7406690746], [-61.2763249282, -2.7433014476], [-61.3130815452, -2.7390414424], [-61.3365851431, -2.7453546676], [-61.36771961, -2.7453091281], [-61.3760502071, -2.7444139495], [-61.3905553452, -2.7352833664], [-61.4021936053, -2.7323338923], [-61.4077493587, -2.7421739008], [-61.4037474254, -2.7611945929], [-61.4128042956, -2.7655596814], [-61.4486056469, -2.7607009943], [-61.4656123746, -2.766522896], [-61.4829691783, -2.7862557238], [-61.4961946337, -2.7896437909], [-61.50396933, -2.7975915409], [-61.512445823, -2.8147732709], [-61.5294152836, -2.8244200027], [-61.5727461351, -2.8240937961], [-61.5948072748, -2.8330673368], [-61.6075821743, -2.8340855574], [-61.640082866, -2.8278058891], [-61.6482464032, -2.8297780766], [-61.6547790745, -2.837291219], [-61.6554385337, -2.8553389402], [-61.6616359773, -2.8607761027], [-61.674504541, -2.858653181], [-61.6827153948, -2.8563416804], [-61.6881361299, -2.8505246899], [-61.7163854622, -2.8433721256], [-61.726096145, -2.8357642825], [-61.732470598, -2.82230267], [-61.7320273721, -2.8098578174], [-61.7277350302, -2.799994989], [-61.7049999078, -2.7712273306], [-61.6987731245, -2.7513066491], [-61.7081313588, -2.7339118133], [-61.7318855183, -2.7119917646], [-61.7457651807, -2.6924338652], [-61.7596068667, -2.639978471], [-61.7792804061, -2.6194973799], [-61.8097764671, -2.6097104764], [-61.8244712379, -2.6111605932], [-61.8606063628, -2.6233988926], [-61.8869915677, -2.6196627472], [-61.9127754663, -2.6095702338], [-61.9236369868, -2.6091904317], [-61.963353765, -2.6356506721], [-61.9767752319, -2.6392632868], [-62.0195792001, -2.6416517589], [-62.0382703527, -2.6479765494], [-62.0604147656, -2.6623784596], [-62.0824130628, -2.7034260917], [-62.1079145091, -2.7191504557], [-62.1579384854, -2.7289860721], [-62.1841870848, -2.7443062551], [-62.2437412554, -2.7650300378], [-62.2763264756, -2.7700527395], [-62.3010498915, -2.7652342462], [-62.3144682847, -2.7663498611], [-62.3351100929, -2.7743033989], [-62.3446103947, -2.7719012827], [-62.3538056333, -2.7736810247], [-62.3643833368, -2.7815623145], [-62.3852457444, -2.8062639283], [-62.4270643039, -2.8164352119], [-62.4583075539, -2.8387875861], [-62.4779949745, -2.8666700114], [-62.4866352953, -2.8915490372], [-62.489136717, -2.9427429159], [-62.495512269, -2.9814961175], [-62.5308887869, -3.0644934937], [-62.5502766478, -3.0907337143], [-62.582567743, -3.1063988193], [-62.6259994282, -3.0927203932], [-62.6472168575, -3.0909859207], [-62.6914707208, -3.0923597582], [-62.7106080278, -3.088100502], [-62.7409122772, -3.0667200982], [-62.759719701, -3.0397142657], [-62.7794646201, -3.0198361151], [-62.7955214843, -3.0186426967], [-62.8275529122, -3.0026804918], [-62.8775186762, -3.0021456238], [-62.9283089163, -3.0077124635], [-62.932937255, -3.0005807197], [-62.9291927244, -2.9791059437], [-62.9148336739, -2.9454689606], [-62.909936747, -2.9249737882], [-62.9146338586, -2.8807874775], [-62.9174119369, -2.8703985697], [-62.9283334937, -2.853258374], [-62.9586396955, -2.8446327276], [-63.0091384041, -2.8404460044], [-63.0189950529, -2.8370735656], [-63.0445508951, -2.8177504548], [-63.0569664075, -2.8136988846], [-63.1048823877, -2.8336919989], [-63.145020416, -2.8322093777], [-63.1690791027, -2.8398844498], [-63.1884911385, -2.8367699427], [-63.2180248067, -2.8194653693], [-63.2402300102, -2.7958945064], [-63.2586922363, -2.7512016837], [-63.2830264248, -2.7104336089], [-63.2917789848, -2.7036717597], [-63.3043842492, -2.6998353124], [-63.3457630394, -2.7037623146], [-63.3736106998, -2.7015299296], [-63.4081328008, -2.7071285598], [-63.4625550822, -2.703085615], [-63.4741907235, -2.7075722465], [-63.4967217251, -2.7328516576], [-63.5245234959, -2.7534597183], [-63.563467181, -2.7624923898], [-63.5839435662, -2.7800230373], [-63.6086636453, -2.7862162003], [-63.6291390258, -2.8063926142], [-63.6619333169, -2.8175287515], [-63.6863691744, -2.8320833525], [-63.7029978476, -2.8364602935], [-63.7194905209, -2.8291564616], [-63.7277984355, -2.8154247856], [-63.7283292825, -2.8026376069], [-63.718439484, -2.7834715627], [-63.7139622977, -2.7620664847], [-63.7263886909, -2.7173172404], [-63.7317716917, -2.6832286075], [-63.7496604034, -2.6493262049], [-63.7667982329, -2.5927940691], [-63.7879431721, -2.5568373608], [-63.7942370973, -2.5522834373], [-63.8078534753, -2.5469159905], [-63.8178847375, -2.5474463583], [-63.8357455909, -2.5606265583], [-63.8456893442, -2.562850121], [-63.8751045547, -2.5653444869], [-63.9109394295, -2.5618081931], [-63.9541607497, -2.5751155828], [-63.9640786409, -2.5750210337], [-63.9837485746, -2.5650432436], [-63.988151476, -2.5508066849], [-63.9876376251, -2.5275711471], [-63.980692902, -2.5050771006], [-63.9565262685, -2.4662359926], [-63.9569654451, -2.4444005079], [-63.9058575974, -2.4392676892], [-63.8663816078, -2.4450165313], [-63.8313823951, -2.4297000515], [-63.8222425438, -2.4303015415], [-63.8021037564, -2.4393146143], [-63.7499394193, -2.4382648198], [-63.7344676919, -2.4326607327], [-63.728101451, -2.4257697802], [-63.7122710109, -2.3889992871], [-63.7059681741, -2.3814931718], [-63.6941410859, -2.3781423237], [-63.6460835928, -2.3934214381], [-63.6332206291, -2.3900664083], [-63.6004127605, -2.359063666], [-63.5837217486, -2.3558949185], [-63.5645792598, -2.3624139117], [-63.5365005125, -2.3869565812], [-63.527859068, -2.3909478211], [-63.5187734089, -2.3913153886], [-63.4855550816, -2.3814700244], [-63.4757495561, -2.3816163181], [-63.4651587141, -2.3873116447], [-63.4479150909, -2.4130616704], [-63.4409445958, -2.4474977528], [-63.423495786, -2.4697382387], [-63.3890258373, -2.4881320797], [-63.3784415175, -2.4902600846], [-63.3686336942, -2.4895609329], [-63.3319097525, -2.4624640182], [-63.3108313218, -2.4349124188], [-63.2962744979, -2.428567787], [-63.2873801504, -2.4293362854], [-63.2786663083, -2.4358117689], [-63.2561889052, -2.4672379277], [-63.2336937258, -2.4827041392], [-63.1977484571, -2.4845143452], [-63.1762502126, -2.4923931517], [-63.1635264532, -2.4936275684], [-63.1413028214, -2.490466321], [-63.1252683498, -2.4823700431], [-63.1045257871, -2.4824316193], [-63.0844382544, -2.4770655669], [-63.0400493223, -2.4827547686], [-63.03585546, -2.4756366713], [-63.0377469201, -2.4679333821], [-63.0320561995, -2.4509729391], [-63.013908673, -2.4547040279], [-62.9975530335, -2.4411878909], [-62.9828600791, -2.4343183221], [-62.9408587213, -2.4230693485], [-62.9039655752, -2.4229265171], [-62.8966587606, -2.4177907528], [-62.8849380621, -2.4057403348], [-62.8567981143, -2.3484691516], [-62.8253280838, -2.3315666364], [-62.8011279012, -2.3262571379], [-62.79191361, -2.3294612667], [-62.782694932, -2.3171006322], [-62.7673870277, -2.3116440578], [-62.7483329618, -2.2966727956], [-62.7307484793, -2.2951965107], [-62.7167185535, -2.2840694071], [-62.7002192553, -2.2881927263], [-62.6924092434, -2.2856649931], [-62.6583293012, -2.2863971866], [-62.6415242316, -2.2902344889], [-62.6305303021, -2.2888178135], [-62.622992321, -2.283514749], [-62.5720535666, -2.2837819328], [-62.5678874258, -2.2771439699], [-62.5494996388, -2.2782264978], [-62.5221411368, -2.261462526], [-62.5098586599, -2.2485548187], [-62.4770209092, -2.2398192711], [-62.4709929569, -2.2340465876], [-62.4628002984, -2.232483343], [-62.456467098, -2.2237715589], [-62.4405521772, -2.2170184119], [-62.4317714576, -2.2190265272], [-62.3908011722, -2.2059448348], [-62.3854931469, -2.1985295195], [-62.3779422262, -2.2035823049], [-62.3531912622, -2.1934553792], [-62.3551876673, -2.1855163352], [-62.3510833747, -2.1781496896], [-62.3429681983, -2.1782821097], [-62.3411867128, -2.1702026199], [-62.3347422618, -2.1655131693], [-62.3263883083, -2.168475231], [-62.3188894052, -2.1663971733], [-62.3223588698, -2.1582706302], [-62.3017179348, -2.1480536931], [-62.2915794431, -2.1599226557], [-62.270748756, -2.1480060315], [-62.2684964622, -2.1402773287], [-62.2605750734, -2.1434702681], [-62.247714864, -2.1341395095], [-62.2373612343, -2.1325379683], [-62.2302953295, -2.1380364915], [-62.2302210194, -2.1457883071], [-62.2230511006, -2.1496505513], [-62.2064077059, -2.1237162854], [-62.1911047696, -2.1299209504], [-62.1878899347, -2.122255548], [-62.1589080994, -2.1337874333], [-62.1509703728, -2.1116161677], [-62.1429926719, -2.1003235996], [-62.135219239, -2.0995491897], [-62.117580968, -2.0834707804], [-62.1092767939, -2.0803250206], [-62.1124105689, -2.0726529014], [-62.1086310776, -2.0561708494], [-62.0833012542, -2.06489557], [-62.0743872824, -2.0619750304], [-62.0722173491, -2.0486431702], [-62.0838579009, -2.0366489734], [-62.0771345287, -2.0325815176], [-62.0809456379, -2.0255326538], [-62.0785966477, -2.0162749623], [-62.0721024884, -2.0003065884], [-62.0466026978, -1.974701307], [-62.0372412506, -1.9887987071], [-62.0214084572, -1.9988893676], [-62.0246666784, -2.0180737706], [-62.021962696, -2.0256803427], [-62.0129406821, -2.0225992981], [-62.0094205643, -2.0302119156], [-62.0032466399, -2.0254062285], [-61.9948022698, -2.0248020154], [-61.9908323851, -2.0177739715], [-61.9933529611, -2.0093680504], [-61.9884120043, -1.9896340046], [-61.980352783, -1.9886975152], [-61.9831678211, -2.0001461563], [-61.9731062453, -2.0052042296], [-61.9667997618, -2.0002083719], [-61.9491620006, -1.9638377799], [-61.927859309, -1.9585184337], [-61.9434389618, -1.9440508875], [-61.9377756121, -1.9360499616], [-61.9220540803, -1.9471607243], [-61.9138862018, -1.9363780046], [-61.9224146334, -1.9339439627], [-61.9198881056, -1.9260479381], [-61.8836045565, -1.9108877705], [-61.8762453468, -1.9150683156], [-61.8819424404, -1.9344040471], [-61.8693854441, -1.9382050576], [-61.8529374356, -1.9364006334], [-61.8466586801, -1.9316436171], [-61.8447182579, -1.9219147772], [-61.8267418123, -1.9258406309], [-61.8161370948, -1.9413806559], [-61.8062216405, -1.9451814555], [-61.800412775, -1.9370634447], [-61.7911050999, -1.9377862095], [-61.7781871163, -1.9216705541], [-61.7630498535, -1.9194541476], [-61.7506622549, -1.9232129209], [-61.743244007, -1.9164071723], [-61.753966475, -1.9063483433], [-61.7577189875, -1.8977387426], [-61.7477765698, -1.8931672149], [-61.7382777586, -1.883021212], [-61.7300243901, -1.8806631641], [-61.7247451958, -1.8922901301], [-61.7122773313, -1.8917727585], [-61.7151914445, -1.8820818393], [-61.7076061402, -1.8801794573], [-61.7014998749, -1.8875463887], [-61.6921583162, -1.8828025646], [-61.6815217343, -1.8860310581], [-61.6705836026, -1.8752591657], [-61.6662431288, -1.8655443399], [-61.6546340713, -1.8683813912], [-61.6456618263, -1.8533349488], [-61.6537708733, -1.8328728397], [-61.6408284983, -1.8218831249], [-61.6261091547, -1.8290535982], [-61.6002182459, -1.8280156823], [-61.5948849728, -1.8356669263], [-61.5988590414, -1.8589323381], [-61.5938834791, -1.8702229144], [-61.5830564162, -1.868726769], [-61.5720205113, -1.8604565901], [-61.5462490129, -1.8639188811], [-61.5354728951, -1.8619108627], [-61.5310781648, -1.8810562475], [-61.5406870174, -1.8874431764], [-61.5325195313, -1.8922025178], [-61.5243803727, -1.9166151294], [-61.5000193347, -1.9616119802], [-61.4927713581, -1.9648911494], [-61.469026139, -1.9474209168], [-61.4514147795, -1.9444667859], [-61.4470012796, -1.938289683], [-61.4475222575, -1.9281622304], [-61.4613862519, -1.9018269332], [-61.4546096563, -1.898178641], [-61.4458860667, -1.9007449628], [-61.4196640512, -1.8977913701], [-61.3889407322, -1.8994293041], [-61.3818503935, -1.8946684044], [-61.3858352962, -1.862862771], [-61.3988833234, -1.8294195442], [-61.4190263198, -1.7924133783], [-61.424167231, -1.7676186899], [-61.4127993633, -1.7134685275], [-61.4167234945, -1.6676336906], [-61.4132744995, -1.6365881858], [-61.422525015, -1.6200790263], [-61.4588390842, -1.6089136211], [-61.4680723617, -1.5971698829], [-61.4741620779, -1.5786132091], [-61.4749956477, -1.55277483], [-61.4699917251, -1.5455561182], [-61.4694423365, -1.537773796], [-61.4727755047, -1.527495921], [-61.4808312452, -1.5174960214], [-61.5159665572, -1.5020766569], [-61.5325017822, -1.4647198407], [-61.5388815546, -1.4436114134], [-61.5377782664, -1.4330509017], [-61.5474981831, -1.4291647511], [-61.5733264523, -1.4283358638], [-61.58138968, -1.4091688228], [-61.5938853647, -1.405282481], [-61.6024983384, -1.4069496781], [-61.6141645648, -1.4022226554], [-61.6186053015, -1.3944445894], [-61.5994405741, -1.367225259], [-61.5872187326, -1.3611150153], [-61.5816592035, -1.353054376], [-61.5849920642, -1.3383321499], [-61.6111094002, -1.3077816584], [-61.6283332528, -1.3011151789], [-61.6263859829, -1.2936174889], [-61.6072205154, -1.2777796329], [-61.6063837675, -1.2441646704], [-61.595270795, -1.223057656], [-61.587777846, -1.1969453329], [-61.5822207127, -1.1891694733], [-61.5733314203, -1.1844415505], [-61.5816577402, -1.1641676326], [-61.578324813, -1.150559122], [-61.5686029315, -1.1402823524], [-61.5661101045, -1.1322284614], [-61.570553764, -1.1200066885], [-61.5774975204, -1.1127802224], [-61.5741617254, -1.1044505812], [-61.5658291069, -1.0994513542], [-61.5777771009, -1.0880618847], [-61.5761099882, -1.07889598], [-61.5672213673, -1.0741746826], [-61.5461089429, -1.0708360544], [-61.5436065062, -1.0619493632], [-61.5430483952, -1.0350085961], [-61.5474929351, -1.0227845155], [-61.559718255, -1.0097294844], [-61.5624989369, -1.0000057974], [-61.5602156833, -0.9877001531], [-61.5755514608, -0.9877818547], [-61.583049841, -0.9822237482], [-61.5791619669, -0.9555607111], [-61.5847197698, -0.9366690152], [-61.5797191063, -0.9300011025], [-61.5780490244, -0.9097246421], [-61.5583311743, -0.8927850208], [-61.5577772299, -0.8636224984], [-61.5430561721, -0.8519508555], [-61.5430478673, -0.8430652045], [-61.5494373175, -0.8388579712], [-61.5524993621, -0.8105639759], [-61.5516657249, -0.8013931479], [-61.5416610773, -0.7633413967], [-61.5383329439, -0.7558448442], [-61.5322143432, -0.7508400368], [-61.5161074802, -0.7452818756], [-61.4844424691, -0.7202837478], [-61.4744403028, -0.7022301154], [-61.4724960919, -0.6833381689], [-61.4641589889, -0.6644476295], [-61.4563844956, -0.6566740017], [-61.4347196326, -0.6580621213], [-61.4261054137, -0.6527848004], [-61.4302762789, -0.6427858812], [-61.4283319543, -0.6338935494], [-61.4066602668, -0.631115685], [-61.3899922376, -0.6172291023], [-61.3661100129, -0.6066778031], [-61.3563861972, -0.5980634944], [-61.346661481, -0.5947291035], [-61.3255545951, -0.5975117564], [-61.2977759828, -0.5758393687], [-61.2852761018, -0.5736216378], [-61.2749936306, -0.5758415328], [-61.2305554218, -0.5636228486], [-61.2236047431, -0.5591733327], [-61.2236072298, -0.5388959757], [-61.2158283971, -0.5327844597], [-61.2227754743, -0.5188985966], [-61.2225005365, -0.5052867363], [-61.2163847468, -0.4997299708], [-61.2083250575, -0.498340045], [-61.1980469337, -0.5055659651], [-61.173050182, -0.5077892564], [-61.1570693941, -0.5149783199], [-61.1547190324, -0.5050116916], [-61.148325111, -0.4988979895], [-61.1286055071, -0.4972322952], [-61.1191653826, -0.4994491591], [-61.1119418583, -0.5069503172], [-61.0961063321, -0.4991770169], [-61.0869438014, -0.4997370272], [-61.0633323759, -0.5127842732], [-61.0547172848, -0.5383398039]]], [[[-61.6574961221, -1.4297257457], [-61.6744209489, -1.4240031302], [-61.6349983503, -1.4336108922], [-61.6574961221, -1.4297257457]]], [[[-61.686815669, -1.4198123064], [-61.6744209489, -1.4240031302], [-61.679443603, -1.422779179], [-61.686815669, -1.4198123064]]], [[[-61.7227158215, -1.4053667504], [-61.686815669, -1.4198123064], [-61.7174968298, -1.4094400904], [-61.7227158215, -1.4053667504]]]]}}, {"type": "Feature", "properties": {"nome": "Presidente Figueiredo", "cod_ibge": "1303536", "rotulo": [-60.0868, -1.4518]}, "geometry": {"type": "MultiPolygon", "coordinates": [[[[-59.9027582347, 0.0224953154], [-59.8929437445, -0.0050034342], [-59.8797522646, -0.0168971322], [-59.8733004611, -0.0339332039], [-59.8640289654, -0.0462936863], [-59.8616065524, -0.0594086465], [-59.8635580616, -0.0704207325], [-59.8785621988, -0.0869058], [-59.8799353733, -0.0957981051], [-59.8747030709, -0.1029670621], [-59.8742621091, -0.1128727099], [-59.8920717113, -0.1015946953], [-59.9189388829, -0.1256127371], [-59.9179621969, -0.1361420242], [-59.9129000811, -0.1497038927], [-59.9017430954, -0.1565714603], [-59.8725191552, -0.1630748564], [-59.84705662, -0.1814297451], [-59.824570335, -0.2133821667], [-59.8099718388, -0.2296643401], [-59.8074499483, -0.2481256889], [-59.8382387259, -0.2672245873], [-59.8390084574, -0.2781047465], [-59.8439029278, -0.2843243365], [-59.8425494854, -0.3072114077], [-59.8494560597, -0.3125650177], [-59.8515704818, -0.3248394662], [-59.8458622506, -0.335123999], [-59.8520703166, -0.352323244], [-59.8530428236, -0.3685530481], [-59.8621330401, -0.3658166968], [-59.8526893057, -0.3917856141], [-59.8368776687, -0.3890796668], [-59.8313403214, -0.3980694591], [-59.8308087801, -0.410992785], [-59.8380794707, -0.4165240022], [-59.8475252636, -0.442174992], [-59.8538305352, -0.4453772302], [-59.8696838663, -0.468944383], [-59.8790493773, -0.4649854754], [-59.8820985556, -0.4565033608], [-59.8923600026, -0.4550358343], [-59.925351115, -0.4842774821], [-59.9289370972, -0.4972588839], [-59.9387675638, -0.501101704], [-59.9433258048, -0.5099962642], [-59.9536266175, -0.5152279897], [-59.9562366086, -0.5250828767], [-59.9496987924, -0.5301873856], [-59.9594598907, -0.5491144903], [-59.9605714017, -0.560099463], [-59.9671335207, -0.5685269731], [-60.000438092, -0.5692029471], [-60.0082051446, -0.5725198899], [-60.011410078, -0.580669433], [-60.0250216875, -0.5820606277], [-60.0351406917, -0.5886590739], [-60.0379122205, -0.5961835391], [-60.0219299675, -0.6168675813], [-60.0212094682, -0.6263414274], [-60.0263813766, -0.633368458], [-60.0355187618, -0.6349937196], [-60.0244854689, -0.6611375466], [-60.0330000102, -0.6631696153], [-60.0450257278, -0.6505922252], [-60.0527983048, -0.6497384417], [-60.0537641735, -0.6756428899], [-60.0463863899, -0.6811469625], [-60.0452632754, -0.698061116], [-60.0335215297, -0.7222749254], [-60.0340297768, -0.7481025563], [-60.0273350433, -0.7553282046], [-60.0197614152, -0.7895408234], [-60.015359217, -0.7957106283], [-60.0073231266, -0.7932930984], [-60.0010713377, -0.7977452151], [-59.9758211711, -0.8325292247], [-59.9676855479, -0.8333582646], [-59.9604888793, -0.8437319274], [-59.9419726328, -0.8536916266], [-59.9321573157, -0.8518304151], [-59.9000217158, -0.8714156603], [-59.9006052168, -0.8887781294], [-59.8941528128, -0.8938791361], [-59.8853471983, -0.8993717707], [-59.8678220576, -0.9007413509], [-59.8538494356, -0.9138994843], [-59.8415249481, -0.9434301938], [-59.8391804858, -0.9717402282], [-59.8197809338, -0.9911945421], [-59.8222950824, -1.0000385678], [-59.8152886719, -1.0110003663], [-59.7796258862, -1.0450767747], [-59.7588456306, -1.0554985796], [-59.7515428074, -1.0525157708], [-59.7419684363, -1.0683702226], [-59.7431775642, -1.0759462053], [-59.7329345024, -1.0799931432], [-59.7206263053, -1.0775813698], [-59.7145071399, -1.0944418595], [-59.7073289033, -1.1018344953], [-59.6997892944, -1.1044100189], [-59.6860417594, -1.0902340874], [-59.6757365956, -1.0899403872], [-59.6685717432, -1.0659878055], [-59.6360628337, -1.0774521506], [-59.6292479346, -1.0852344114], [-59.631140489, -1.0941137874], [-59.6187499183, -1.1048219663], [-59.6039145558, -1.1092916886], [-59.3801146736, -1.1063215743], [-59.3749684133, -1.1334971056], [-59.3823343018, -1.1369327022], [-59.3792171795, -1.147391831], [-59.3836929619, -1.1755296883], [-59.3751367395, -1.1840403607], [-59.3720820298, -1.1934174646], [-59.3728588981, -1.2363307754], [-59.3614689514, -1.2504000403], [-59.3589743701, -1.2612639777], [-59.3649715176, -1.2675471392], [-59.3750872651, -1.2654066356], [-59.3814760292, -1.2580940844], [-59.3931515819, -1.2611761406], [-59.4043177394, -1.2581917387], [-59.4203962398, -1.2682408931], [-59.4248076209, -1.2749091841], [-59.4348399598, -1.2792669917], [-59.4433336184, -1.2964820329], [-59.4419795456, -1.3189576807], [-59.4505911486, -1.3271186085], [-59.4675888606, -1.3351498741], [-59.4718667387, -1.3551903277], [-59.4815063263, -1.3606661296], [-59.4886854385, -1.3703504167], [-59.4933367856, -1.377171359], [-59.4940856914, -1.385533383], [-59.5036179014, -1.3890750554], [-59.5197574199, -1.4196986231], [-59.5188733778, -1.4325559495], [-59.5135860663, -1.4392911671], [-59.5032923534, -1.4443922147], [-59.4911734126, -1.4427138897], [-59.4857470843, -1.453644771], [-59.4582438478, -1.4346063528], [-59.4462040585, -1.4370784263], [-59.437333093, -1.4344104462], [-59.4244284804, -1.4507195165], [-59.4103976367, -1.4453908342], [-59.3981789469, -1.4470991008], [-59.3916694261, -1.452750816], [-59.3692349875, -1.4520110938], [-59.3592493589, -1.4586860877], [-59.33428463, -1.456902319], [-59.3313888668, -1.464688997], [-59.3344961098, -1.4718130469], [-59.3296930141, -1.4815808577], [-59.3048861219, -1.4835549258], [-59.2976945111, -1.4744844413], [-59.295720788, -1.4537048634], [-59.2700219824, -1.4308556101], [-59.261610951, -1.4370454731], [-59.2296814187, -1.437548528], [-59.2334544137, -1.4496076813], [-59.2234287904, -1.4465013003], [-59.1908608048, -1.4460772304], [-59.1873028244, -1.4537634159], [-59.2001594336, -1.4690949428], [-59.1861062249, -1.4726402117], [-59.1703548102, -1.4851647168], [-59.1509063779, -1.5155530347], [-59.151104134, -1.530298833], [-59.1559641234, -1.544941418], [-59.1496329147, -1.5496503658], [-59.1498231167, -1.5617202142], [-59.1411873453, -1.5647578923], [-59.1409600848, -1.5758021148], [-59.1358781847, -1.5845507793], [-59.126794812, -1.5890175516], [-59.131990223, -1.600703272], [-59.1270736088, -1.6071738614], [-59.1421579216, -1.6197467449], [-59.1374906129, -1.6291269915], [-59.1398268377, -1.6427317453], [-59.1674672864, -1.658926544], [-59.1650199132, -1.6681388031], [-59.1670769604, -1.6773653382], [-59.1791331101, -1.6767290628], [-59.1799073158, -1.6870872959], [-59.1861823277, -1.6946188993], [-59.1884623226, -1.7040146381], [-59.1955263489, -1.7104189065], [-59.198162612, -1.730739049], [-59.2172462262, -1.7808908339], [-59.2126468333, -1.7867623554], [-59.2139766658, -1.8068791168], [-59.2188286369, -1.8186225405], [-59.2261871454, -1.8261932109], [-59.2455547961, -1.826217747], [-59.251243484, -1.8328193014], [-59.2502691929, -1.8441619946], [-59.244027378, -1.8512588867], [-59.2451637823, -1.8620172805], [-59.2355309476, -1.8642667939], [-59.2273830408, -1.8732294133], [-59.2203821375, -1.8915424334], [-59.221940387, -1.8992297535], [-59.213016684, -1.9009066599], [-59.2033007901, -1.9176696401], [-59.2013294625, -1.9400283398], [-59.1917167567, -1.947742193], [-59.1835152633, -1.9475630343], [-59.1608124312, -1.9598551366], [-59.1545703481, -1.9666998586], [-59.1618011574, -1.9851604207], [-59.1235786518, -2.0069710976], [-59.1142175398, -2.0320953878], [-59.1188749935, -2.0410178011], [-59.1123170669, -2.0768517826], [-59.1279391208, -2.1003597365], [-59.1319753923, -2.1498233651], [-59.1379339224, -2.1654127347], [-59.1434842185, -2.1715637456], [-59.1523958333, -2.1726925446], [-59.1604915208, -2.1686270941], [-59.1712589422, -2.1809204706], [-59.1791012841, -2.1847852134], [-59.1819206585, -2.2007459016], [-59.1782054109, -2.2098861212], [-59.1603956768, -2.2098833488], [-59.1451313149, -2.2167448337], [-59.144521167, -2.2243390287], [-59.1626626788, -2.2325438444], [-59.1532977073, -2.2481524852], [-59.143744454, -2.24931121], [-59.1382752382, -2.231139622], [-59.1288824986, -2.2233487033], [-59.110489421, -2.2234215969], [-59.1053826022, -2.2437785337], [-59.0819442164, -2.2756160428], [-59.0873103759, -2.2845239119], [-59.1090843515, -2.2970445354], [-59.1328373493, -2.3409695948], [-59.1624887735, -2.3710046346], [-59.1724937414, -2.3854427831], [-59.2268582603, -2.4182320442], [-59.2490457383, -2.4352137179], [-59.2586859601, -2.4363179896], [-59.2714990156, -2.4472605892], [-59.2745706535, -2.4642287469], [-59.2716770045, -2.4732796986], [-59.2762937251, -2.4797459743], [-59.3001649845, -2.4715155242], [-59.3002181762, -2.4624924515], [-59.2866347643, -2.4517665098], [-59.2904398543, -2.4336496258], [-59.3022170183, -2.4261752507], [-59.327662386, -2.3986007986], [-59.3313315151, -2.3895262677], [-59.3304995958, -2.3813093729], [-59.3473676091, -2.3697024305], [-59.3666801412, -2.3732544251], [-59.3748883286, -2.3717432004], [-59.3796778456, -2.3652617234], [-59.3877638475, -2.3616910187], [-59.4039327927, -2.3628346297], [-59.4273414479, -2.370737035], [-59.4351368493, -2.3673771663], [-59.434920266, -2.3505435464], [-59.4499995802, -2.3231400817], [-59.4677876184, -2.3108271539], [-59.48757561, -2.3066242205], [-59.4996448307, -2.3111775584], [-59.5058968106, -2.3048925556], [-59.5058585988, -2.2874462966], [-59.5090397082, -2.2795341305], [-59.521697429, -2.2685432966], [-59.5194804765, -2.2514631175], [-59.5390971531, -2.2274460765], [-59.5565630706, -2.2210534321], [-59.5612295582, -2.1947305266], [-59.5711769596, -2.1816890887], [-59.5907096158, -2.1753522095], [-59.6081215975, -2.1760777642], [-59.6159926284, -2.1672643264], [-59.6273200218, -2.163279366], [-59.6312310078, -2.155634731], [-59.6228640819, -2.1410694315], [-59.6451789689, -2.1274383368], [-59.657091283, -2.1152561478], [-59.6693541503, -2.1164109676], [-59.6765673848, -2.1115447954], [-59.6721248087, -2.075879837], [-59.678176941, -2.0687847493], [-59.6762078539, -2.0511794623], [-59.683245032, -2.0455210335], [-59.6915463082, -2.045537483], [-59.7090214608, -2.0515818697], [-59.7142617095, -2.059817572], [-59.7120271205, -2.0676184146], [-59.7145969892, -2.0828185983], [-59.7107941713, -2.0906450322], [-59.7140971288, -2.0989018298], [-59.710313485, -2.117313441], [-59.7043195324, -2.1239460153], [-59.7038444486, -2.144006931], [-59.6981800686, -2.1519497348], [-59.7004251629, -2.1631322786], [-59.7118075527, -2.1852504157], [-59.7352327936, -2.1998255989], [-59.7400721397, -2.2080538331], [-59.748385931, -2.2122489846], [-59.7675043089, -2.2035665857], [-59.7701807977, -2.1963985212], [-59.7906842692, -2.1797252625], [-59.7916773352, -2.1711937161], [-59.8083811725, -2.1587909451], [-59.8213214966, -2.1580594673], [-59.8360992813, -2.146729069], [-59.8456358022, -2.1485126217], [-59.8519933639, -2.1414962486], [-59.8595314274, -2.1439666123], [-59.867629811, -2.1399115938], [-59.8687672082, -2.1321840384], [-59.8970324827, -2.1291235967], [-59.9128472763, -2.1321322494], [-59.9296039983, -2.1280559314], [-59.9369155348, -2.1220892611], [-59.9480992443, -2.1256307412], [-59.953607618, -2.1201712604], [-59.9687736925, -2.1164862522], [-59.9760751111, -2.1189091074], [-59.9895717232, -2.1140306843], [-59.9999812104, -2.1198330071], [-60.0119664519, -2.110244057], [-60.0164273706, -2.1007869582], [-60.0329143787, -2.0972662816], [-60.0503898651, -2.1022970578], [-60.0600780168, -2.0875109019], [-60.0692453196, -2.0873307558], [-60.0740282072, -2.0802619285], [-60.0829703834, -2.0760099225], [-60.0907749169, -2.0596314632], [-60.1062246285, -2.0613806854], [-60.1111891808, -2.0552523486], [-60.1327167766, -2.0430137817], [-60.1396652746, -2.0399741226], [-60.1481916377, -2.0417407787], [-60.1591647804, -2.0272226566], [-60.1673008151, -2.027300483], [-60.2042160876, -2.0036921542], [-60.217971527, -1.9996833395], [-60.2324722446, -2.0028378332], [-60.2665485718, -1.9861401688], [-60.2969181467, -1.9570683924], [-60.2929951761, -1.9412793759], [-60.2856387494, -1.9355895855], [-60.2806091726, -1.9239481795], [-60.339244333, -1.9522548571], [-60.3572469346, -1.9541076419], [-60.4440804211, -1.9492657283], [-60.4532164528, -1.9361287212], [-60.480992838, -1.9178714737], [-60.5589436799, -1.9192530225], [-60.5759109636, -1.9115774643], [-60.5948768924, -1.8872755203], [-60.6160787287, -1.8665583952], [-60.6183303485, -1.8579627362], [-60.6115272917, -1.8339474939], [-60.6182466917, -1.8259346758], [-60.6262997288, -1.7914157822], [-60.6251056094, -1.7466108293], [-60.6184450706, -1.7203202438], [-60.6264646665, -1.6871605649], [-60.6099367507, -1.6412544477], [-60.6132200397, -1.6337325425], [-60.5976125072, -1.6259859503], [-60.58869105, -1.608415638], [-60.5824126169, -1.6032772752], [-60.5846042118, -1.5942126038], [-60.580161186, -1.5877052865], [-60.5827776498, -1.5713631663], [-60.5895523924, -1.5652938765], [-60.5920231105, -1.5472465956], [-60.6090274959, -1.5368968115], [-60.6124424207, -1.5278866215], [-60.6184943153, -1.5230708895], [-60.6261060918, -1.5231903466], [-60.6306934738, -1.5161065253], [-60.6566854984, -1.5061441014], [-60.6612756593, -1.4993482456], [-60.6686912277, -1.4970279774], [-60.6715793078, -1.4889871522], [-60.720578287, -1.4645875234], [-60.7263650985, -1.4578979109], [-60.7376576273, -1.4578174694], [-60.7500196203, -1.4451092622], [-60.7800244899, -1.439272525], [-60.7883331593, -1.4408633741], [-60.8057790546, -1.4473478441], [-60.8197797694, -1.4692089853], [-60.8268051048, -1.4745043228], [-60.8360547594, -1.4754627957], [-60.8363891272, -1.4675590521], [-60.8307169667, -1.4607169668], [-60.8274156006, -1.4386607503], [-60.8353903936, -1.4340592189], [-60.8552147126, -1.4344938346], [-60.8597185245, -1.426379585], [-60.85313265, -1.4175557459], [-60.8364422379, -1.4071441085], [-60.847634737, -1.3589984549], [-60.8623048409, -1.3450216823], [-60.8834078487, -1.3342303632], [-60.8835855473, -1.3169903424], [-60.8869700472, -1.3093511685], [-60.9156919829, -1.307331172], [-60.9224445845, -1.3154733293], [-60.9420495569, -1.3123756028], [-60.9594136312, -1.3167539701], [-60.9637239946, -1.3093269976], [-60.9550774725, -1.2920942947], [-60.9529682932, -1.279757393], [-60.9329129777, -1.2794435448], [-60.9285833065, -1.2631501103], [-60.9111370483, -1.2579273737], [-60.9051610103, -1.2504545935], [-60.8891846244, -1.2645655957], [-60.8709917505, -1.2576373335], [-60.8622415521, -1.2619621003], [-60.8540505561, -1.2595755093], [-60.8511332278, -1.251062946], [-60.8413043743, -1.2407175474], [-60.8535505718, -1.2264694099], [-60.8561953154, -1.216039863], [-60.8453023811, -1.2159507564], [-60.8396973755, -1.2091559711], [-60.8517446727, -1.1944538578], [-60.8509457545, -1.1769350098], [-60.8467752202, -1.167861948], [-60.8558838694, -1.1565945061], [-60.8621949063, -1.139716991], [-60.8567815756, -1.1329238302], [-60.8442979586, -1.1435397789], [-60.8363559524, -1.1438199885], [-60.8262474855, -1.1245551276], [-60.8237689613, -1.1096090449], [-60.8272476938, -1.0910386027], [-60.8207475799, -1.0852264596], [-60.801166893, -1.0915098143], [-60.7910856377, -1.0913538761], [-60.7829916858, -1.0879425435], [-60.7771388223, -1.0781921633], [-60.7554934592, -1.0776654691], [-60.7576887018, -1.067188103], [-60.7769448322, -1.0507825148], [-60.7944840371, -1.0232347781], [-60.7988837847, -0.9991679739], [-60.787773575, -0.9930583337], [-60.7886101041, -0.9847310587], [-60.7844449913, -0.9772230282], [-60.7863828536, -0.967779968], [-60.7805540306, -0.9497303093], [-60.7816631771, -0.9375067847], [-60.7772168065, -0.928614889], [-60.7708254453, -0.8941759681], [-60.7755515709, -0.8836134212], [-60.7733261064, -0.8661153871], [-60.7638841486, -0.8505561651], [-60.7541187033, -0.8419336806], [-60.7514135113, -0.8496502638], [-60.752212966, -0.8608336637], [-60.7319416609, -0.8580601511], [-60.7166622587, -0.8697270752], [-60.7072210201, -0.8652790482], [-60.6752790162, -0.8730619436], [-60.6694391871, -0.8780566411], [-60.672223227, -0.8875020109], [-60.6674996867, -0.8941674138], [-60.6541646086, -0.8827817963], [-60.635555007, -0.8758352352], [-60.633331228, -0.8680589401], [-60.6236085285, -0.8711132122], [-60.619999914, -0.8630606299], [-60.6091664841, -0.8638969656], [-60.5938894663, -0.871946914], [-60.5908291644, -0.8530574782], [-60.5574995704, -0.8597269572], [-60.5572198481, -0.869450394], [-60.5472199273, -0.8686133108], [-60.5405557736, -0.8750049099], [-60.5305559025, -0.8747258283], [-60.5041613117, -0.8488919667], [-60.5027746474, -0.8411111382], [-60.5194452182, -0.8333390578], [-60.5061108224, -0.8211149737], [-60.4983319965, -0.8219533928], [-60.4933288215, -0.8119489039], [-60.4952753933, -0.8038947318], [-60.4916618703, -0.7963983967], [-60.4974973423, -0.7891729449], [-60.4936054897, -0.7822241913], [-60.4786114028, -0.770565781], [-60.4666607137, -0.7686150983], [-60.4574952112, -0.7738957867], [-60.4341631897, -0.7722327789], [-60.4266623321, -0.7780585584], [-60.4211094523, -0.7727818477], [-60.4186066866, -0.7638966924], [-60.4005499155, -0.7572272607], [-60.3827758218, -0.7594482287], [-60.3769457621, -0.7425052763], [-60.3530473426, -0.742224216], [-60.3455523887, -0.7455624016], [-60.3408322139, -0.7386212841], [-60.3166627773, -0.7225111619], [-60.3091630646, -0.7244514834], [-60.303120798, -0.7109181082], [-60.3041644117, -0.701392955], [-60.3016656781, -0.693062683], [-60.3083250609, -0.6894501972], [-60.3033282846, -0.6736183709], [-60.314161991, -0.6597329526], [-60.3130517375, -0.6411177933], [-60.3194435736, -0.6366776139], [-60.3272185367, -0.6400037025], [-60.3402727514, -0.6252800804], [-60.3505532388, -0.621951945], [-60.3574954909, -0.6050084633], [-60.3647194256, -0.5966781519], [-60.3652752099, -0.5877876483], [-60.3827765696, -0.5897260472], [-60.3875002491, -0.581119647], [-60.3788892706, -0.5761241923], [-60.381941788, -0.5572280721], [-60.3944414939, -0.553061473], [-60.3974968744, -0.545562801], [-60.3994445763, -0.509734934], [-60.3905539844, -0.5027866308], [-60.3905803929, -0.4938711189], [-60.3825269484, -0.478869692], [-60.3819698836, -0.4699815382], [-60.3441864791, -0.4402623573], [-60.3414118825, -0.4299902594], [-60.3453036002, -0.4202717066], [-60.343913238, -0.4127658932], [-60.3494702223, -0.40693447], [-60.3427724093, -0.4013877193], [-60.3355544657, -0.3849976796], [-60.3216605547, -0.3772220859], [-60.3216631739, -0.3683332731], [-60.3166623851, -0.3583396212], [-60.321104002, -0.3372313376], [-60.318054221, -0.3302850949], [-60.3016662634, -0.3277866948], [-60.3024960842, -0.3036239676], [-60.2894381509, -0.2927897738], [-60.2949964253, -0.2852879914], [-60.2991390884, -0.2744710892], [-60.302497497, -0.2719533215], [-60.3044430046, -0.2644555776], [-60.2988870906, -0.2558460605], [-60.2911032322, -0.2288987269], [-60.2988842845, -0.2113910735], [-60.2930526643, -0.2052817651], [-60.2852743173, -0.2102819292], [-60.2755522443, -0.2022223697], [-60.2638881169, -0.1891650184], [-60.2655551027, -0.1780524321], [-60.2577749134, -0.1730559127], [-60.2488902185, -0.1747228625], [-60.2494445642, -0.1666677926], [-60.232215969, -0.1461218368], [-60.223888502, -0.1425100609], [-60.219997731, -0.135011379], [-60.2269400427, -0.1283478536], [-60.2246957055, -0.1191837391], [-60.2166164251, -0.1158375447], [-60.2030487725, -0.1005699538], [-60.1795318374, -0.0851826943], [-60.1528588517, -0.089012836], [-60.1362523016, -0.0812494321], [-60.1221422098, -0.0793048098], [-60.0819946973, -0.0477240246], [-60.0628896402, -0.050491053], [-60.0534426025, -0.0461626402], [-60.0229976246, -0.042789017], [-60.0046679757, -0.0477955827], [-59.9850806379, -0.0606006254], [-59.9759997793, -0.0622422096], [-59.9622946837, -0.0582177642], [-59.952302809, -0.0495640265], [-59.9754657375, -0.0374770368], [-59.9718675752, -0.0306486748], [-59.9607034135, -0.0317466461], [-59.950600531, -0.0385850953], [-59.9354127853, -0.0388650049], [-59.9284819819, -0.0339136422], [-59.9346366418, -0.0226190345], [-59.9314797693, -0.0168955577], [-59.942191221, 0.016172053], [-59.9552711642, 0.0289100335], [-59.9566811498, 0.0377634687], [-59.9472165884, 0.0385808528], [-59.9327685168, 0.0302658775], [-59.9164077658, 0.0338838157], [-59.9027582347, 0.0224953154]]], [[[-60.2217036495, -0.0827116621], [-60.2299982606, -0.1100125763], [-60.2283264649, -0.1008357413], [-60.2217036495, -0.0827116621]]]]}}, {"type": "Feature", "properties": {"nome": "Rio Preto da Eva", "cod_ibge": "1303569", "rotulo": [-59.62, -2.3]}, "geometry": {"type": "Polygon", "coordinates": [[[-59.6765673848, -2.1115447954], [-59.6693541503, -2.1164109676], [-59.657091283, -2.1152561478], [-59.6451789689, -2.1274383368], [-59.6228640819, -2.1410694315], [-59.6312310078, -2.155634731], [-59.6273200218, -2.163279366], [-59.6159926284, -2.1672643264], [-59.6081215975, -2.1760777642], [-59.5907096158, -2.1753522095], [-59.5711769596, -2.1816890887], [-59.5612295582, -2.1947305266], [-59.5565630706, -2.2210534321], [-59.5390971531, -2.2274460765], [-59.5194804765, -2.2514631175], [-59.521697429, -2.2685432966], [-59.5090397082, -2.2795341305], [-59.5058585988, -2.2874462966], [-59.5058968106, -2.3048925556], [-59.4996448307, -2.3111775584], [-59.48757561, -2.3066242205], [-59.4677876184, -2.3108271539], [-59.4499995802, -2.3231400817], [-59.434920266, -2.3505435464], [-59.4351368493, -2.3673771663], [-59.4273414479, -2.370737035], [-59.4039327927, -2.3628346297], [-59.3877638475, -2.3616910187], [-59.3796778456, -2.3652617234], [-59.3748883286, -2.3717432004], [-59.3666801412, -2.3732544251], [-59.3473676091, -2.3697024305], [-59.3304995958, -2.3813093729], [-59.3313315151, -2.3895262677], [-59.327662386, -2.3986007986], [-59.3022170183, -2.4261752507], [-59.2904398543, -2.4336496258], [-59.2866347643, -2.4517665098], [-59.3002181762, -2.4624924515], [-59.3001649845, -2.4715155242], [-59.2762937251, -2.4797459743], [-59.2754399113, -2.4879783412], [-59.2490663088, -2.4819976771], [-59.2529607061, -2.4745283168], [-59.2458313857, -2.4699753955], [-59.2223231673, -2.4738821239], [-59.1938165174, -2.471587651], [-59.1736691713, -2.4842685176], [-59.1689930149, -2.5077763994], [-59.1553864914, -2.5170964534], [-59.1658776757, -2.5389791769], [-59.1954372497, -2.5556142078], [-59.2003797168, -2.5639502138], [-59.1886843706, -2.5973062777], [-59.191858258, -2.6061933575], [-59.2099370576, -2.63276691], [-59.2171335139, -2.6357015754], [-59.2287762552, -2.6498369537], [-59.2299371293, -2.700827727], [-59.2409047645, -2.7126391451], [-59.2647504872, -2.7257211864], [-59.2686083341, -2.7439490423], [-59.2868849938, -2.7486788338], [-59.3056098388, -2.7607251454], [-59.3534174178, -2.8212656571], [-59.3562492978, -2.8288232007], [-59.352996972, -2.8451905159], [-59.357499603, -2.8793974356], [-59.3610054627, -2.8881670047], [-59.3694690876, -2.8881108228], [-59.3688650393, -2.8707614775], [-59.3752799606, -2.8654029058], [-59.3838796389, -2.8719522495], [-59.4053349784, -2.8738586705], [-59.40889396, -2.8882740241], [-59.430640139, -2.9270926314], [-59.4665285232, -2.9487868186], [-59.4864771424, -2.9663606607], [-59.4998031147, -2.9715344973], [-59.5066792914, -2.9655995612], [-59.5206759652, -2.9600172593], [-59.5245862726, -2.9535148878], [-59.531646689, -2.9508279464], [-59.5466476865, -2.9564113837], [-59.5789755534, -2.9602358079], [-59.5958689679, -2.958370393], [-59.619831951, -2.9640480241], [-59.6367270107, -2.9610921213], [-59.6540257201, -2.9463995714], [-59.7055470639, -2.9392501958], [-59.7078723595, -2.9309631037], [-59.7207079992, -2.9187325385], [-59.7280987965, -2.8984278468], [-59.715147841, -2.8809541129], [-59.7255804051, -2.8672457203], [-59.7380388881, -2.8575768328], [-59.7377150818, -2.8499821352], [-59.7515660437, -2.8265442898], [-59.7591492085, -2.821861093], [-59.7823067746, -2.8301229311], [-59.803042754, -2.8171200823], [-59.8106496476, -2.8168878412], [-59.8186293485, -2.8029891076], [-59.8148935319, -2.7877460113], [-59.8317398618, -2.7702216001], [-59.82974558, -2.742144345], [-59.8330095795, -2.7351604757], [-59.8469971817, -2.7259249724], [-59.8701400756, -2.7213683012], [-59.8756048704, -2.7153494269], [-59.8718872218, -2.700119977], [-59.8731239961, -2.683504518], [-59.886650425, -2.6720579252], [-59.8957933116, -2.6588272479], [-59.9039848912, -2.6573191257], [-59.9116031208, -2.6236585195], [-59.9197012231, -2.6101551077], [-59.9419140776, -2.6218760697], [-59.9495481774, -2.6065296743], [-59.9464490253, -2.5993816647], [-59.9484631659, -2.591873153], [-59.9406853003, -2.5779179322], [-59.9539156748, -2.5698220027], [-59.9619773244, -2.5702386357], [-59.9664617654, -2.5638693208], [-59.9818447772, -2.5586815776], [-59.9960517874, -2.5660758719], [-59.9990505041, -2.5490675602], [-60.0121528499, -2.5394001542], [-60.0168803864, -2.5466514124], [-60.0325975382, -2.5489540486], [-60.0364283933, -2.5318332887], [-60.0366705677, -2.5227811738], [-60.0290729419, -2.4715998988], [-60.0239205197, -2.4479754014], [-60.0460537217, -2.3279037474], [-60.0391304829, -2.2642017858], [-60.0273580533, -2.2418091009], [-59.998671006, -2.142854757], [-59.9966674138, -2.1338955029], [-59.9999812104, -2.1198330071], [-59.9895717232, -2.1140306843], [-59.9760751111, -2.1189091074], [-59.9687736925, -2.1164862522], [-59.953607618, -2.1201712604], [-59.9480992443, -2.1256307412], [-59.9369155348, -2.1220892611], [-59.9296039983, -2.1280559314], [-59.9128472763, -2.1321322494], [-59.8970324827, -2.1291235967], [-59.8687672082, -2.1321840384], [-59.867629811, -2.1399115938], [-59.8595314274, -2.1439666123], [-59.8519933639, -2.1414962486], [-59.8456358022, -2.1485126217], [-59.8360992813, -2.146729069], [-59.8213214966, -2.1580594673], [-59.8083811725, -2.1587909451], [-59.7916773352, -2.1711937161], [-59.7906842692, -2.1797252625], [-59.7701807977, -2.1963985212], [-59.7675043089, -2.2035665857], [-59.748385931, -2.2122489846], [-59.7400721397, -2.2080538331], [-59.7352327936, -2.1998255989], [-59.7118075527, -2.1852504157], [-59.7004251629, -2.1631322786], [-59.6981800686, -2.1519497348], [-59.7038444486, -2.144006931], [-59.7043195324, -2.1239460153], [-59.710313485, -2.117313441], [-59.7140971288, -2.0989018298], [-59.7107941713, -2.0906450322], [-59.7145969892, -2.0828185983], [-59.7120271205, -2.0676184146], [-59.7142617095, -2.059817572], [-59.7090214608, -2.0515818697], [-59.6915463082, -2.045537483], [-59.683245032, -2.0455210335], [-59.6762078539, -2.0511794623], [-59.678176941, -2.0687847493], [-59.6721248087, -2.075879837], [-59.6765673848, -2.1115447954]]]}}]}